Park	State	Area	Year	Month	Recreation Visitors
Grand Canyon NP	Arizona	1902 sq. miles	1995	Jan	124843
Grand Canyon NP	Arizona	1902 sq. miles	1995	Feb	158170
Grand Canyon NP	Arizona	1902 sq. miles	1995	Mar	286118
Grand Canyon NP	Arizona	1902 sq. miles	1995	Apr	371843
Grand Canyon NP	Arizona	1902 sq. miles	1995	May	464743
Grand Canyon NP	Arizona	1902 sq. miles	1995	Jun	665255
Grand Canyon NP	Arizona	1902 sq. miles	1995	Jul	678871
Grand Canyon NP	Arizona	1902 sq. miles	1995	Aug	678492
Grand Canyon NP	Arizona	1902 sq. miles	1995	Sep	439849
Grand Canyon NP	Arizona	1902 sq. miles	1995	Oct	381572
Grand Canyon NP	Arizona	1902 sq. miles	1995	Nov	166568
Grand Canyon NP	Arizona	1902 sq. miles	1995	Dec	141321
Grand Canyon NP	Arizona	1902 sq. miles	1996	Jan	147909
Grand Canyon NP	Arizona	1902 sq. miles	1996	Feb	171968
Grand Canyon NP	Arizona	1902 sq. miles	1996	Mar	302054
Grand Canyon NP	Arizona	1902 sq. miles	1996	Apr	364219
Grand Canyon NP	Arizona	1902 sq. miles	1996	May	477093
Grand Canyon NP	Arizona	1902 sq. miles	1996	Jun	577194
Grand Canyon NP	Arizona	1902 sq. miles	1996	Jul	691310
Grand Canyon NP	Arizona	1902 sq. miles	1996	Aug	580705
Grand Canyon NP	Arizona	1902 sq. miles	1996	Sep	499011
Grand Canyon NP	Arizona	1902 sq. miles	1996	Oct	387665
Grand Canyon NP	Arizona	1902 sq. miles	1996	Nov	188612
Grand Canyon NP	Arizona	1902 sq. miles	1996	Dec	149963
Grand Canyon NP	Arizona	1902 sq. miles	1997	Jan	133291
Grand Canyon NP	Arizona	1902 sq. miles	1997	Feb	174087
Grand Canyon NP	Arizona	1902 sq. miles	1997	Mar	347740
Grand Canyon NP	Arizona	1902 sq. miles	1997	Apr	324011
Grand Canyon NP	Arizona	1902 sq. miles	1997	May	465990
Grand Canyon NP	Arizona	1902 sq. miles	1997	Jun	540275
Grand Canyon NP	Arizona	1902 sq. miles	1997	Jul	730341
Grand Canyon NP	Arizona	1902 sq. miles	1997	Aug	591024
Grand Canyon NP	Arizona	1902 sq. miles	1997	Sep	599107
Grand Canyon NP	Arizona	1902 sq. miles	1997	Oct	444433
Grand Canyon NP	Arizona	1902 sq. miles	1997	Nov	251808
Grand Canyon NP	Arizona	1902 sq. miles	1997	Dec	189561
Grand Canyon NP	Arizona	1902 sq. miles	1998	Jan	133187
Grand Canyon NP	Arizona	1902 sq. miles	1998	Feb	135141
Grand Canyon NP	Arizona	1902 sq. miles	1998	Mar	248949
Grand Canyon NP	Arizona	1902 sq. miles	1998	Apr	401811
Grand Canyon NP	Arizona	1902 sq. miles	1998	May	444044
Grand Canyon NP	Arizona	1902 sq. miles	1998	Jun	532945
Grand Canyon NP	Arizona	1902 sq. miles	1998	Jul	586676
Grand Canyon NP	Arizona	1902 sq. miles	1998	Aug	600640
Grand Canyon NP	Arizona	1902 sq. miles	1998	Sep	421853
Grand Canyon NP	Arizona	1902 sq. miles	1998	Oct	375993
Grand Canyon NP	Arizona	1902 sq. miles	1998	Nov	209611
Grand Canyon NP	Arizona	1902 sq. miles	1998	Dec	148832
Grand Canyon NP	Arizona	1902 sq. miles	1999	Jan	154225
Grand Canyon NP	Arizona	1902 sq. miles	1999	Feb	168127
Grand Canyon NP	Arizona	1902 sq. miles	1999	Mar	367827
Grand Canyon NP	Arizona	1902 sq. miles	1999	Apr	345769
Grand Canyon NP	Arizona	1902 sq. miles	1999	May	456674
Grand Canyon NP	Arizona	1902 sq. miles	1999	Jun	564036
Grand Canyon NP	Arizona	1902 sq. miles	1999	Jul	655350
Grand Canyon NP	Arizona	1902 sq. miles	1999	Aug	608486
Grand Canyon NP	Arizona	1902 sq. miles	1999	Sep	491822
Grand Canyon NP	Arizona	1902 sq. miles	1999	Oct	378777
Grand Canyon NP	Arizona	1902 sq. miles	1999	Nov	206084
Grand Canyon NP	Arizona	1902 sq. miles	1999	Dec	177947
Grand Canyon NP	Arizona	1902 sq. miles	2000	Jan	153667
Grand Canyon NP	Arizona	1902 sq. miles	2000	Feb	159129
Grand Canyon NP	Arizona	1902 sq. miles	2000	Mar	310278
Grand Canyon NP	Arizona	1902 sq. miles	2000	Apr	392888
Grand Canyon NP	Arizona	1902 sq. miles	2000	May	459685
Grand Canyon NP	Arizona	1902 sq. miles	2000	Jun	528779
Grand Canyon NP	Arizona	1902 sq. miles	2000	Jul	624033
Grand Canyon NP	Arizona	1902 sq. miles	2000	Aug	590701
Grand Canyon NP	Arizona	1902 sq. miles	2000	Sep	474295
Grand Canyon NP	Arizona	1902 sq. miles	2000	Oct	368560
Grand Canyon NP	Arizona	1902 sq. miles	2000	Nov	205567
Grand Canyon NP	Arizona	1902 sq. miles	2000	Dec	192646
Grand Canyon NP	Arizona	1902 sq. miles	2001	Jan	152246
Grand Canyon NP	Arizona	1902 sq. miles	2001	Feb	133442
Grand Canyon NP	Arizona	1902 sq. miles	2001	Mar	304407
Grand Canyon NP	Arizona	1902 sq. miles	2001	Apr	363932
Grand Canyon NP	Arizona	1902 sq. miles	2001	May	446090
Grand Canyon NP	Arizona	1902 sq. miles	2001	Jun	517870
Grand Canyon NP	Arizona	1902 sq. miles	2001	Jul	620638
Grand Canyon NP	Arizona	1902 sq. miles	2001	Aug	565883
Grand Canyon NP	Arizona	1902 sq. miles	2001	Sep	348445
Grand Canyon NP	Arizona	1902 sq. miles	2001	Oct	287259
Grand Canyon NP	Arizona	1902 sq. miles	2001	Nov	192539
Grand Canyon NP	Arizona	1902 sq. miles	2001	Dec	172058
Grand Canyon NP	Arizona	1902 sq. miles	2002	Jan	141451
Grand Canyon NP	Arizona	1902 sq. miles	2002	Feb	147784
Grand Canyon NP	Arizona	1902 sq. miles	2002	Mar	295462
Grand Canyon NP	Arizona	1902 sq. miles	2002	Apr	331852
Grand Canyon NP	Arizona	1902 sq. miles	2002	May	408987
Grand Canyon NP	Arizona	1902 sq. miles	2002	Jun	502154
Grand Canyon NP	Arizona	1902 sq. miles	2002	Jul	568408
Grand Canyon NP	Arizona	1902 sq. miles	2002	Aug	520331
Grand Canyon NP	Arizona	1902 sq. miles	2002	Sep	368543
Grand Canyon NP	Arizona	1902 sq. miles	2002	Oct	324351
Grand Canyon NP	Arizona	1902 sq. miles	2002	Nov	217586
Grand Canyon NP	Arizona	1902 sq. miles	2002	Dec	175065
Grand Canyon NP	Arizona	1902 sq. miles	2003	Jan	156481
Grand Canyon NP	Arizona	1902 sq. miles	2003	Feb	148388
Grand Canyon NP	Arizona	1902 sq. miles	2003	Mar	274120
Grand Canyon NP	Arizona	1902 sq. miles	2003	Apr	340245
Grand Canyon NP	Arizona	1902 sq. miles	2003	May	398371
Grand Canyon NP	Arizona	1902 sq. miles	2003	Jun	536251
Grand Canyon NP	Arizona	1902 sq. miles	2003	Jul	603109
Grand Canyon NP	Arizona	1902 sq. miles	2003	Aug	550855
Grand Canyon NP	Arizona	1902 sq. miles	2003	Sep	377719
Grand Canyon NP	Arizona	1902 sq. miles	2003	Oct	335317
Grand Canyon NP	Arizona	1902 sq. miles	2003	Nov	220124
Grand Canyon NP	Arizona	1902 sq. miles	2003	Dec	183920
Grand Canyon NP	Arizona	1902 sq. miles	2004	Jan	150345
Grand Canyon NP	Arizona	1902 sq. miles	2004	Feb	148379
Grand Canyon NP	Arizona	1902 sq. miles	2004	Mar	313056
Grand Canyon NP	Arizona	1902 sq. miles	2004	Apr	409645
Grand Canyon NP	Arizona	1902 sq. miles	2004	May	444078
Grand Canyon NP	Arizona	1902 sq. miles	2004	Jun	529486
Grand Canyon NP	Arizona	1902 sq. miles	2004	Jul	625584
Grand Canyon NP	Arizona	1902 sq. miles	2004	Aug	549643
Grand Canyon NP	Arizona	1902 sq. miles	2004	Sep	425037
Grand Canyon NP	Arizona	1902 sq. miles	2004	Oct	333874
Grand Canyon NP	Arizona	1902 sq. miles	2004	Nov	219953
Grand Canyon NP	Arizona	1902 sq. miles	2004	Dec	177154
Grand Canyon NP	Arizona	1902 sq. miles	2005	Jan	132660
Grand Canyon NP	Arizona	1902 sq. miles	2005	Feb	151719
Grand Canyon NP	Arizona	1902 sq. miles	2005	Mar	356357
Grand Canyon NP	Arizona	1902 sq. miles	2005	Apr	380473
Grand Canyon NP	Arizona	1902 sq. miles	2005	May	444253
Grand Canyon NP	Arizona	1902 sq. miles	2005	Jun	594410
Grand Canyon NP	Arizona	1902 sq. miles	2005	Jul	611813
Grand Canyon NP	Arizona	1902 sq. miles	2005	Aug	572431
Grand Canyon NP	Arizona	1902 sq. miles	2005	Sep	392835
Grand Canyon NP	Arizona	1902 sq. miles	2005	Oct	335518
Grand Canyon NP	Arizona	1902 sq. miles	2005	Nov	230597
Grand Canyon NP	Arizona	1902 sq. miles	2005	Dec	198456
Grand Canyon NP	Arizona	1902 sq. miles	2006	Jan	163222
Grand Canyon NP	Arizona	1902 sq. miles	2006	Feb	178982
Grand Canyon NP	Arizona	1902 sq. miles	2006	Mar	296498
Grand Canyon NP	Arizona	1902 sq. miles	2006	Apr	419253
Grand Canyon NP	Arizona	1902 sq. miles	2006	May	451576
Grand Canyon NP	Arizona	1902 sq. miles	2006	Jun	509456
Grand Canyon NP	Arizona	1902 sq. miles	2006	Jul	578208
Grand Canyon NP	Arizona	1902 sq. miles	2006	Aug	507951
Grand Canyon NP	Arizona	1902 sq. miles	2006	Sep	399117
Grand Canyon NP	Arizona	1902 sq. miles	2006	Oct	352556
Grand Canyon NP	Arizona	1902 sq. miles	2006	Nov	239306
Grand Canyon NP	Arizona	1902 sq. miles	2006	Dec	183314
Grand Canyon NP	Arizona	1902 sq. miles	2007	Jan	139636
Grand Canyon NP	Arizona	1902 sq. miles	2007	Feb	155049
Grand Canyon NP	Arizona	1902 sq. miles	2007	Mar	332226
Grand Canyon NP	Arizona	1902 sq. miles	2007	Apr	431874
Grand Canyon NP	Arizona	1902 sq. miles	2007	May	443773
Grand Canyon NP	Arizona	1902 sq. miles	2007	Jun	515106
Grand Canyon NP	Arizona	1902 sq. miles	2007	Jul	604185
Grand Canyon NP	Arizona	1902 sq. miles	2007	Aug	580670
Grand Canyon NP	Arizona	1902 sq. miles	2007	Sep	424493
Grand Canyon NP	Arizona	1902 sq. miles	2007	Oct	362602
Grand Canyon NP	Arizona	1902 sq. miles	2007	Nov	235217
Grand Canyon NP	Arizona	1902 sq. miles	2007	Dec	188837
Grand Canyon NP	Arizona	1902 sq. miles	2008	Jan	123600
Grand Canyon NP	Arizona	1902 sq. miles	2008	Feb	146730
Grand Canyon NP	Arizona	1902 sq. miles	2008	Mar	358409
Grand Canyon NP	Arizona	1902 sq. miles	2008	Apr	377542
Grand Canyon NP	Arizona	1902 sq. miles	2008	May	453651
Grand Canyon NP	Arizona	1902 sq. miles	2008	Jun	530291
Grand Canyon NP	Arizona	1902 sq. miles	2008	Jul	644915
Grand Canyon NP	Arizona	1902 sq. miles	2008	Aug	633985
Grand Canyon NP	Arizona	1902 sq. miles	2008	Sep	433030
Grand Canyon NP	Arizona	1902 sq. miles	2008	Oct	359396
Grand Canyon NP	Arizona	1902 sq. miles	2008	Nov	209843
Grand Canyon NP	Arizona	1902 sq. miles	2008	Dec	153922
Grand Canyon NP	Arizona	1902 sq. miles	2009	Jan	135463
Grand Canyon NP	Arizona	1902 sq. miles	2009	Feb	132865
Grand Canyon NP	Arizona	1902 sq. miles	2009	Mar	310717
Grand Canyon NP	Arizona	1902 sq. miles	2009	Apr	393469
Grand Canyon NP	Arizona	1902 sq. miles	2009	May	432940
Grand Canyon NP	Arizona	1902 sq. miles	2009	Jun	529833
Grand Canyon NP	Arizona	1902 sq. miles	2009	Jul	658993
Grand Canyon NP	Arizona	1902 sq. miles	2009	Aug	600442
Grand Canyon NP	Arizona	1902 sq. miles	2009	Sep	425737
Grand Canyon NP	Arizona	1902 sq. miles	2009	Oct	352207
Grand Canyon NP	Arizona	1902 sq. miles	2009	Nov	214355
Grand Canyon NP	Arizona	1902 sq. miles	2009	Dec	161047
Grand Canyon NP	Arizona	1902 sq. miles	2010	Jan	120409
Grand Canyon NP	Arizona	1902 sq. miles	2010	Feb	124573
Grand Canyon NP	Arizona	1902 sq. miles	2010	Mar	312903
Grand Canyon NP	Arizona	1902 sq. miles	2010	Apr	375136
Grand Canyon NP	Arizona	1902 sq. miles	2010	May	399037
Grand Canyon NP	Arizona	1902 sq. miles	2010	Jun	555941
Grand Canyon NP	Arizona	1902 sq. miles	2010	Jul	647636
Grand Canyon NP	Arizona	1902 sq. miles	2010	Aug	629167
Grand Canyon NP	Arizona	1902 sq. miles	2010	Sep	477863
Grand Canyon NP	Arizona	1902 sq. miles	2010	Oct	359758
Grand Canyon NP	Arizona	1902 sq. miles	2010	Nov	219474
Grand Canyon NP	Arizona	1902 sq. miles	2010	Dec	166489
Grand Canyon NP	Arizona	1902 sq. miles	2011	Jan	139029
Grand Canyon NP	Arizona	1902 sq. miles	2011	Feb	120726
Grand Canyon NP	Arizona	1902 sq. miles	2011	Mar	304583
Grand Canyon NP	Arizona	1902 sq. miles	2011	Apr	388363
Grand Canyon NP	Arizona	1902 sq. miles	2011	May	419569
Grand Canyon NP	Arizona	1902 sq. miles	2011	Jun	544089
Grand Canyon NP	Arizona	1902 sq. miles	2011	Jul	654871
Grand Canyon NP	Arizona	1902 sq. miles	2011	Aug	595265
Grand Canyon NP	Arizona	1902 sq. miles	2011	Sep	410636
Grand Canyon NP	Arizona	1902 sq. miles	2011	Oct	348203
Grand Canyon NP	Arizona	1902 sq. miles	2011	Nov	201809
Grand Canyon NP	Arizona	1902 sq. miles	2011	Dec	171035
Grand Canyon NP	Arizona	1902 sq. miles	2012	Jan	141357
Grand Canyon NP	Arizona	1902 sq. miles	2012	Feb	141305
Grand Canyon NP	Arizona	1902 sq. miles	2012	Mar	291120
Grand Canyon NP	Arizona	1902 sq. miles	2012	Apr	389777
Grand Canyon NP	Arizona	1902 sq. miles	2012	May	416363
Grand Canyon NP	Arizona	1902 sq. miles	2012	Jun	549688
Grand Canyon NP	Arizona	1902 sq. miles	2012	Jul	647953
Grand Canyon NP	Arizona	1902 sq. miles	2012	Aug	610680
Grand Canyon NP	Arizona	1902 sq. miles	2012	Sep	448925
Grand Canyon NP	Arizona	1902 sq. miles	2012	Oct	376225
Grand Canyon NP	Arizona	1902 sq. miles	2012	Nov	221927
Grand Canyon NP	Arizona	1902 sq. miles	2012	Dec	186032
Grand Canyon NP	Arizona	1902 sq. miles	2013	Jan	143405
Grand Canyon NP	Arizona	1902 sq. miles	2013	Feb	145356
Grand Canyon NP	Arizona	1902 sq. miles	2013	Mar	359799
Grand Canyon NP	Arizona	1902 sq. miles	2013	Apr	375899
Grand Canyon NP	Arizona	1902 sq. miles	2013	May	468178
Grand Canyon NP	Arizona	1902 sq. miles	2013	Jun	613479
Grand Canyon NP	Arizona	1902 sq. miles	2013	Jul	728543
Grand Canyon NP	Arizona	1902 sq. miles	2013	Aug	633026
Grand Canyon NP	Arizona	1902 sq. miles	2013	Sep	465665
Grand Canyon NP	Arizona	1902 sq. miles	2013	Oct	197742
Grand Canyon NP	Arizona	1902 sq. miles	2013	Nov	217733
Grand Canyon NP	Arizona	1902 sq. miles	2013	Dec	216015
Grand Canyon NP	Arizona	1902 sq. miles	2014	Jan	173458
Grand Canyon NP	Arizona	1902 sq. miles	2014	Feb	176364
Grand Canyon NP	Arizona	1902 sq. miles	2014	Mar	353920
Grand Canyon NP	Arizona	1902 sq. miles	2014	Apr	320348
Grand Canyon NP	Arizona	1902 sq. miles	2014	May	463713
Grand Canyon NP	Arizona	1902 sq. miles	2014	Jun	563375
Grand Canyon NP	Arizona	1902 sq. miles	2014	Jul	621953
Grand Canyon NP	Arizona	1902 sq. miles	2014	Aug	671027
Grand Canyon NP	Arizona	1902 sq. miles	2014	Sep	488359
Grand Canyon NP	Arizona	1902 sq. miles	2014	Oct	410933
Grand Canyon NP	Arizona	1902 sq. miles	2014	Nov	256705
Grand Canyon NP	Arizona	1902 sq. miles	2014	Dec	256616
Great Smoky Mountains NP	North Carolina, Tennessee	816 sq. miles	1995	Jan	264477
Great Smoky Mountains NP	North Carolina, Tennessee	816 sq. miles	1995	Feb	277224
Great Smoky Mountains NP	North Carolina, Tennessee	816 sq. miles	1995	Mar	445804
Great Smoky Mountains NP	North Carolina, Tennessee	816 sq. miles	1995	Apr	678827
Great Smoky Mountains NP	North Carolina, Tennessee	816 sq. miles	1995	May	691175
Great Smoky Mountains NP	North Carolina, Tennessee	816 sq. miles	1995	Jun	1165049
Great Smoky Mountains NP	North Carolina, Tennessee	816 sq. miles	1995	Jul	1351579
Great Smoky Mountains NP	North Carolina, Tennessee	816 sq. miles	1995	Aug	1171837
Great Smoky Mountains NP	North Carolina, Tennessee	816 sq. miles	1995	Sep	953804
Great Smoky Mountains NP	North Carolina, Tennessee	816 sq. miles	1995	Oct	1070437
Great Smoky Mountains NP	North Carolina, Tennessee	816 sq. miles	1995	Nov	532510
Great Smoky Mountains NP	North Carolina, Tennessee	816 sq. miles	1995	Dec	477697
Great Smoky Mountains NP	North Carolina, Tennessee	816 sq. miles	1996	Jan	230199
Great Smoky Mountains NP	North Carolina, Tennessee	816 sq. miles	1996	Feb	380652
Great Smoky Mountains NP	North Carolina, Tennessee	816 sq. miles	1996	Mar	387653
Great Smoky Mountains NP	North Carolina, Tennessee	816 sq. miles	1996	Apr	651175
Great Smoky Mountains NP	North Carolina, Tennessee	816 sq. miles	1996	May	774385
Great Smoky Mountains NP	North Carolina, Tennessee	816 sq. miles	1996	Jun	1137719
Great Smoky Mountains NP	North Carolina, Tennessee	816 sq. miles	1996	Jul	1394781
Great Smoky Mountains NP	North Carolina, Tennessee	816 sq. miles	1996	Aug	1156114
Great Smoky Mountains NP	North Carolina, Tennessee	816 sq. miles	1996	Sep	970447
Great Smoky Mountains NP	North Carolina, Tennessee	816 sq. miles	1996	Oct	1182349
Great Smoky Mountains NP	North Carolina, Tennessee	816 sq. miles	1996	Nov	552780
Great Smoky Mountains NP	North Carolina, Tennessee	816 sq. miles	1996	Dec	447413
Great Smoky Mountains NP	North Carolina, Tennessee	816 sq. miles	1997	Jan	238794
Great Smoky Mountains NP	North Carolina, Tennessee	816 sq. miles	1997	Feb	338695
Great Smoky Mountains NP	North Carolina, Tennessee	816 sq. miles	1997	Mar	483391
Great Smoky Mountains NP	North Carolina, Tennessee	816 sq. miles	1997	Apr	652729
Great Smoky Mountains NP	North Carolina, Tennessee	816 sq. miles	1997	May	764021
Great Smoky Mountains NP	North Carolina, Tennessee	816 sq. miles	1997	Jun	1091996
Great Smoky Mountains NP	North Carolina, Tennessee	816 sq. miles	1997	Jul	1743996
Great Smoky Mountains NP	North Carolina, Tennessee	816 sq. miles	1997	Aug	1362372
Great Smoky Mountains NP	North Carolina, Tennessee	816 sq. miles	1997	Sep	1029761
Great Smoky Mountains NP	North Carolina, Tennessee	816 sq. miles	1997	Oct	1181685
Great Smoky Mountains NP	North Carolina, Tennessee	816 sq. miles	1997	Nov	624029
Great Smoky Mountains NP	North Carolina, Tennessee	816 sq. miles	1997	Dec	453606
Great Smoky Mountains NP	North Carolina, Tennessee	816 sq. miles	1998	Jan	263020
Great Smoky Mountains NP	North Carolina, Tennessee	816 sq. miles	1998	Feb	325269
Great Smoky Mountains NP	North Carolina, Tennessee	816 sq. miles	1998	Mar	472838
Great Smoky Mountains NP	North Carolina, Tennessee	816 sq. miles	1998	Apr	696321
Great Smoky Mountains NP	North Carolina, Tennessee	816 sq. miles	1998	May	847434
Great Smoky Mountains NP	North Carolina, Tennessee	816 sq. miles	1998	Jun	1145571
Great Smoky Mountains NP	North Carolina, Tennessee	816 sq. miles	1998	Jul	1672297
Great Smoky Mountains NP	North Carolina, Tennessee	816 sq. miles	1998	Aug	1184421
Great Smoky Mountains NP	North Carolina, Tennessee	816 sq. miles	1998	Sep	1047938
Great Smoky Mountains NP	North Carolina, Tennessee	816 sq. miles	1998	Oct	1179433
Great Smoky Mountains NP	North Carolina, Tennessee	816 sq. miles	1998	Nov	729487
Great Smoky Mountains NP	North Carolina, Tennessee	816 sq. miles	1998	Dec	425366
Great Smoky Mountains NP	North Carolina, Tennessee	816 sq. miles	1999	Jan	302467
Great Smoky Mountains NP	North Carolina, Tennessee	816 sq. miles	1999	Feb	352912
Great Smoky Mountains NP	North Carolina, Tennessee	816 sq. miles	1999	Mar	454227
Great Smoky Mountains NP	North Carolina, Tennessee	816 sq. miles	1999	Apr	745755
Great Smoky Mountains NP	North Carolina, Tennessee	816 sq. miles	1999	May	877679
Great Smoky Mountains NP	North Carolina, Tennessee	816 sq. miles	1999	Jun	1250890
Great Smoky Mountains NP	North Carolina, Tennessee	816 sq. miles	1999	Jul	1674267
Great Smoky Mountains NP	North Carolina, Tennessee	816 sq. miles	1999	Aug	1206176
Great Smoky Mountains NP	North Carolina, Tennessee	816 sq. miles	1999	Sep	1081556
Great Smoky Mountains NP	North Carolina, Tennessee	816 sq. miles	1999	Oct	1136547
Great Smoky Mountains NP	North Carolina, Tennessee	816 sq. miles	1999	Nov	741325
Great Smoky Mountains NP	North Carolina, Tennessee	816 sq. miles	1999	Dec	459797
Great Smoky Mountains NP	North Carolina, Tennessee	816 sq. miles	2000	Jan	311269
Great Smoky Mountains NP	North Carolina, Tennessee	816 sq. miles	2000	Feb	443683
Great Smoky Mountains NP	North Carolina, Tennessee	816 sq. miles	2000	Mar	525438
Great Smoky Mountains NP	North Carolina, Tennessee	816 sq. miles	2000	Apr	725456
Great Smoky Mountains NP	North Carolina, Tennessee	816 sq. miles	2000	May	847421
Great Smoky Mountains NP	North Carolina, Tennessee	816 sq. miles	2000	Jun	1167097
Great Smoky Mountains NP	North Carolina, Tennessee	816 sq. miles	2000	Jul	1703605
Great Smoky Mountains NP	North Carolina, Tennessee	816 sq. miles	2000	Aug	1147933
Great Smoky Mountains NP	North Carolina, Tennessee	816 sq. miles	2000	Sep	1009287
Great Smoky Mountains NP	North Carolina, Tennessee	816 sq. miles	2000	Oct	1208590
Great Smoky Mountains NP	North Carolina, Tennessee	816 sq. miles	2000	Nov	668947
Great Smoky Mountains NP	North Carolina, Tennessee	816 sq. miles	2000	Dec	417086
Great Smoky Mountains NP	North Carolina, Tennessee	816 sq. miles	2001	Jan	297855
Great Smoky Mountains NP	North Carolina, Tennessee	816 sq. miles	2001	Feb	362356
Great Smoky Mountains NP	North Carolina, Tennessee	816 sq. miles	2001	Mar	467539
Great Smoky Mountains NP	North Carolina, Tennessee	816 sq. miles	2001	Apr	706543
Great Smoky Mountains NP	North Carolina, Tennessee	816 sq. miles	2001	May	758423
Great Smoky Mountains NP	North Carolina, Tennessee	816 sq. miles	2001	Jun	1085811
Great Smoky Mountains NP	North Carolina, Tennessee	816 sq. miles	2001	Jul	1373170
Great Smoky Mountains NP	North Carolina, Tennessee	816 sq. miles	2001	Aug	1121119
Great Smoky Mountains NP	North Carolina, Tennessee	816 sq. miles	2001	Sep	989884
Great Smoky Mountains NP	North Carolina, Tennessee	816 sq. miles	2001	Oct	1095602
Great Smoky Mountains NP	North Carolina, Tennessee	816 sq. miles	2001	Nov	595586
Great Smoky Mountains NP	North Carolina, Tennessee	816 sq. miles	2001	Dec	343809
Great Smoky Mountains NP	North Carolina, Tennessee	816 sq. miles	2002	Jan	287352
Great Smoky Mountains NP	North Carolina, Tennessee	816 sq. miles	2002	Feb	350391
Great Smoky Mountains NP	North Carolina, Tennessee	816 sq. miles	2002	Mar	522266
Great Smoky Mountains NP	North Carolina, Tennessee	816 sq. miles	2002	Apr	674470
Great Smoky Mountains NP	North Carolina, Tennessee	816 sq. miles	2002	May	789882
Great Smoky Mountains NP	North Carolina, Tennessee	816 sq. miles	2002	Jun	1159339
Great Smoky Mountains NP	North Carolina, Tennessee	816 sq. miles	2002	Jul	1359477
Great Smoky Mountains NP	North Carolina, Tennessee	816 sq. miles	2002	Aug	1090431
Great Smoky Mountains NP	North Carolina, Tennessee	816 sq. miles	2002	Sep	947207
Great Smoky Mountains NP	North Carolina, Tennessee	816 sq. miles	2002	Oct	1104852
Great Smoky Mountains NP	North Carolina, Tennessee	816 sq. miles	2002	Nov	676504
Great Smoky Mountains NP	North Carolina, Tennessee	816 sq. miles	2002	Dec	354249
Great Smoky Mountains NP	North Carolina, Tennessee	816 sq. miles	2003	Jan	305430
Great Smoky Mountains NP	North Carolina, Tennessee	816 sq. miles	2003	Feb	332223
Great Smoky Mountains NP	North Carolina, Tennessee	816 sq. miles	2003	Mar	533896
Great Smoky Mountains NP	North Carolina, Tennessee	816 sq. miles	2003	Apr	701080
Great Smoky Mountains NP	North Carolina, Tennessee	816 sq. miles	2003	May	780366
Great Smoky Mountains NP	North Carolina, Tennessee	816 sq. miles	2003	Jun	1156774
Great Smoky Mountains NP	North Carolina, Tennessee	816 sq. miles	2003	Jul	1326666
Great Smoky Mountains NP	North Carolina, Tennessee	816 sq. miles	2003	Aug	1109676
Great Smoky Mountains NP	North Carolina, Tennessee	816 sq. miles	2003	Sep	807827
Great Smoky Mountains NP	North Carolina, Tennessee	816 sq. miles	2003	Oct	1239051
Great Smoky Mountains NP	North Carolina, Tennessee	816 sq. miles	2003	Nov	658929
Great Smoky Mountains NP	North Carolina, Tennessee	816 sq. miles	2003	Dec	414927
Great Smoky Mountains NP	North Carolina, Tennessee	816 sq. miles	2004	Jan	307017
Great Smoky Mountains NP	North Carolina, Tennessee	816 sq. miles	2004	Feb	336212
Great Smoky Mountains NP	North Carolina, Tennessee	816 sq. miles	2004	Mar	506804
Great Smoky Mountains NP	North Carolina, Tennessee	816 sq. miles	2004	Apr	675350
Great Smoky Mountains NP	North Carolina, Tennessee	816 sq. miles	2004	May	774049
Great Smoky Mountains NP	North Carolina, Tennessee	816 sq. miles	2004	Jun	1076888
Great Smoky Mountains NP	North Carolina, Tennessee	816 sq. miles	2004	Jul	1355683
Great Smoky Mountains NP	North Carolina, Tennessee	816 sq. miles	2004	Aug	1002046
Great Smoky Mountains NP	North Carolina, Tennessee	816 sq. miles	2004	Sep	876758
Great Smoky Mountains NP	North Carolina, Tennessee	816 sq. miles	2004	Oct	1158267
Great Smoky Mountains NP	North Carolina, Tennessee	816 sq. miles	2004	Nov	630539
Great Smoky Mountains NP	North Carolina, Tennessee	816 sq. miles	2004	Dec	467433
Great Smoky Mountains NP	North Carolina, Tennessee	816 sq. miles	2005	Jan	345009
Great Smoky Mountains NP	North Carolina, Tennessee	816 sq. miles	2005	Feb	347144
Great Smoky Mountains NP	North Carolina, Tennessee	816 sq. miles	2005	Mar	524650
Great Smoky Mountains NP	North Carolina, Tennessee	816 sq. miles	2005	Apr	652265
Great Smoky Mountains NP	North Carolina, Tennessee	816 sq. miles	2005	May	767056
Great Smoky Mountains NP	North Carolina, Tennessee	816 sq. miles	2005	Jun	1124130
Great Smoky Mountains NP	North Carolina, Tennessee	816 sq. miles	2005	Jul	1333994
Great Smoky Mountains NP	North Carolina, Tennessee	816 sq. miles	2005	Aug	997352
Great Smoky Mountains NP	North Carolina, Tennessee	816 sq. miles	2005	Sep	854342
Great Smoky Mountains NP	North Carolina, Tennessee	816 sq. miles	2005	Oct	1054311
Great Smoky Mountains NP	North Carolina, Tennessee	816 sq. miles	2005	Nov	721684
Great Smoky Mountains NP	North Carolina, Tennessee	816 sq. miles	2005	Dec	470540
Great Smoky Mountains NP	North Carolina, Tennessee	816 sq. miles	2006	Jan	363998
Great Smoky Mountains NP	North Carolina, Tennessee	816 sq. miles	2006	Feb	332912
Great Smoky Mountains NP	North Carolina, Tennessee	816 sq. miles	2006	Mar	557555
Great Smoky Mountains NP	North Carolina, Tennessee	816 sq. miles	2006	Apr	725298
Great Smoky Mountains NP	North Carolina, Tennessee	816 sq. miles	2006	May	732978
Great Smoky Mountains NP	North Carolina, Tennessee	816 sq. miles	2006	Jun	1113186
Great Smoky Mountains NP	North Carolina, Tennessee	816 sq. miles	2006	Jul	1280865
Great Smoky Mountains NP	North Carolina, Tennessee	816 sq. miles	2006	Aug	920331
Great Smoky Mountains NP	North Carolina, Tennessee	816 sq. miles	2006	Sep	928487
Great Smoky Mountains NP	North Carolina, Tennessee	816 sq. miles	2006	Oct	1128927
Great Smoky Mountains NP	North Carolina, Tennessee	816 sq. miles	2006	Nov	702589
Great Smoky Mountains NP	North Carolina, Tennessee	816 sq. miles	2006	Dec	502089
Great Smoky Mountains NP	North Carolina, Tennessee	816 sq. miles	2007	Jan	350818
Great Smoky Mountains NP	North Carolina, Tennessee	816 sq. miles	2007	Feb	342540
Great Smoky Mountains NP	North Carolina, Tennessee	816 sq. miles	2007	Mar	564878
Great Smoky Mountains NP	North Carolina, Tennessee	816 sq. miles	2007	Apr	701353
Great Smoky Mountains NP	North Carolina, Tennessee	816 sq. miles	2007	May	810438
Great Smoky Mountains NP	North Carolina, Tennessee	816 sq. miles	2007	Jun	1116371
Great Smoky Mountains NP	North Carolina, Tennessee	816 sq. miles	2007	Jul	1313210
Great Smoky Mountains NP	North Carolina, Tennessee	816 sq. miles	2007	Aug	1011693
Great Smoky Mountains NP	North Carolina, Tennessee	816 sq. miles	2007	Sep	951432
Great Smoky Mountains NP	North Carolina, Tennessee	816 sq. miles	2007	Oct	1092798
Great Smoky Mountains NP	North Carolina, Tennessee	816 sq. miles	2007	Nov	677203
Great Smoky Mountains NP	North Carolina, Tennessee	816 sq. miles	2007	Dec	439519
Great Smoky Mountains NP	North Carolina, Tennessee	816 sq. miles	2008	Jan	322865
Great Smoky Mountains NP	North Carolina, Tennessee	816 sq. miles	2008	Feb	340558
Great Smoky Mountains NP	North Carolina, Tennessee	816 sq. miles	2008	Mar	553078
Great Smoky Mountains NP	North Carolina, Tennessee	816 sq. miles	2008	Apr	628593
Great Smoky Mountains NP	North Carolina, Tennessee	816 sq. miles	2008	May	783847
Great Smoky Mountains NP	North Carolina, Tennessee	816 sq. miles	2008	Jun	1063589
Great Smoky Mountains NP	North Carolina, Tennessee	816 sq. miles	2008	Jul	1257396
Great Smoky Mountains NP	North Carolina, Tennessee	816 sq. miles	2008	Aug	1049206
Great Smoky Mountains NP	North Carolina, Tennessee	816 sq. miles	2008	Sep	819816
Great Smoky Mountains NP	North Carolina, Tennessee	816 sq. miles	2008	Oct	1096711
Great Smoky Mountains NP	North Carolina, Tennessee	816 sq. miles	2008	Nov	652023
Great Smoky Mountains NP	North Carolina, Tennessee	816 sq. miles	2008	Dec	476328
Great Smoky Mountains NP	North Carolina, Tennessee	816 sq. miles	2009	Jan	323614
Great Smoky Mountains NP	North Carolina, Tennessee	816 sq. miles	2009	Feb	334515
Great Smoky Mountains NP	North Carolina, Tennessee	816 sq. miles	2009	Mar	521140
Great Smoky Mountains NP	North Carolina, Tennessee	816 sq. miles	2009	Apr	770585
Great Smoky Mountains NP	North Carolina, Tennessee	816 sq. miles	2009	May	788974
Great Smoky Mountains NP	North Carolina, Tennessee	816 sq. miles	2009	Jun	1181938
Great Smoky Mountains NP	North Carolina, Tennessee	816 sq. miles	2009	Jul	1404034
Great Smoky Mountains NP	North Carolina, Tennessee	816 sq. miles	2009	Aug	1035277
Great Smoky Mountains NP	North Carolina, Tennessee	816 sq. miles	2009	Sep	845655
Great Smoky Mountains NP	North Carolina, Tennessee	816 sq. miles	2009	Oct	1052137
Great Smoky Mountains NP	North Carolina, Tennessee	816 sq. miles	2009	Nov	708797
Great Smoky Mountains NP	North Carolina, Tennessee	816 sq. miles	2009	Dec	524771
Great Smoky Mountains NP	North Carolina, Tennessee	816 sq. miles	2010	Jan	303318
Great Smoky Mountains NP	North Carolina, Tennessee	816 sq. miles	2010	Feb	239587
Great Smoky Mountains NP	North Carolina, Tennessee	816 sq. miles	2010	Mar	505950
Great Smoky Mountains NP	North Carolina, Tennessee	816 sq. miles	2010	Apr	848946
Great Smoky Mountains NP	North Carolina, Tennessee	816 sq. miles	2010	May	792980
Great Smoky Mountains NP	North Carolina, Tennessee	816 sq. miles	2010	Jun	1359978
Great Smoky Mountains NP	North Carolina, Tennessee	816 sq. miles	2010	Jul	1403978
Great Smoky Mountains NP	North Carolina, Tennessee	816 sq. miles	2010	Aug	947311
Great Smoky Mountains NP	North Carolina, Tennessee	816 sq. miles	2010	Sep	845410
Great Smoky Mountains NP	North Carolina, Tennessee	816 sq. miles	2010	Oct	1252357
Great Smoky Mountains NP	North Carolina, Tennessee	816 sq. miles	2010	Nov	621211
Great Smoky Mountains NP	North Carolina, Tennessee	816 sq. miles	2010	Dec	342512
Great Smoky Mountains NP	North Carolina, Tennessee	816 sq. miles	2011	Jan	214609
Great Smoky Mountains NP	North Carolina, Tennessee	816 sq. miles	2011	Feb	315206
Great Smoky Mountains NP	North Carolina, Tennessee	816 sq. miles	2011	Mar	502501
Great Smoky Mountains NP	North Carolina, Tennessee	816 sq. miles	2011	Apr	690037
Great Smoky Mountains NP	North Carolina, Tennessee	816 sq. miles	2011	May	727237
Great Smoky Mountains NP	North Carolina, Tennessee	816 sq. miles	2011	Jun	1121001
Great Smoky Mountains NP	North Carolina, Tennessee	816 sq. miles	2011	Jul	1342491
Great Smoky Mountains NP	North Carolina, Tennessee	816 sq. miles	2011	Aug	1002603
Great Smoky Mountains NP	North Carolina, Tennessee	816 sq. miles	2011	Sep	882269
Great Smoky Mountains NP	North Carolina, Tennessee	816 sq. miles	2011	Oct	1133530
Great Smoky Mountains NP	North Carolina, Tennessee	816 sq. miles	2011	Nov	605743
Great Smoky Mountains NP	North Carolina, Tennessee	816 sq. miles	2011	Dec	471603
Great Smoky Mountains NP	North Carolina, Tennessee	816 sq. miles	2012	Jan	269282
Great Smoky Mountains NP	North Carolina, Tennessee	816 sq. miles	2012	Feb	353390
Great Smoky Mountains NP	North Carolina, Tennessee	816 sq. miles	2012	Mar	611326
Great Smoky Mountains NP	North Carolina, Tennessee	816 sq. miles	2012	Apr	745545
Great Smoky Mountains NP	North Carolina, Tennessee	816 sq. miles	2012	May	799760
Great Smoky Mountains NP	North Carolina, Tennessee	816 sq. miles	2012	Jun	1202056
Great Smoky Mountains NP	North Carolina, Tennessee	816 sq. miles	2012	Jul	1392067
Great Smoky Mountains NP	North Carolina, Tennessee	816 sq. miles	2012	Aug	1081025
Great Smoky Mountains NP	North Carolina, Tennessee	816 sq. miles	2012	Sep	982942
Great Smoky Mountains NP	North Carolina, Tennessee	816 sq. miles	2012	Oct	1144273
Great Smoky Mountains NP	North Carolina, Tennessee	816 sq. miles	2012	Nov	623636
Great Smoky Mountains NP	North Carolina, Tennessee	816 sq. miles	2012	Dec	480527
Great Smoky Mountains NP	North Carolina, Tennessee	816 sq. miles	2013	Jan	265633
Great Smoky Mountains NP	North Carolina, Tennessee	816 sq. miles	2013	Feb	252437
Great Smoky Mountains NP	North Carolina, Tennessee	816 sq. miles	2013	Mar	465594
Great Smoky Mountains NP	North Carolina, Tennessee	816 sq. miles	2013	Apr	636677
Great Smoky Mountains NP	North Carolina, Tennessee	816 sq. miles	2013	May	885960
Great Smoky Mountains NP	North Carolina, Tennessee	816 sq. miles	2013	Jun	1321821
Great Smoky Mountains NP	North Carolina, Tennessee	816 sq. miles	2013	Jul	1399567
Great Smoky Mountains NP	North Carolina, Tennessee	816 sq. miles	2013	Aug	1040021
Great Smoky Mountains NP	North Carolina, Tennessee	816 sq. miles	2013	Sep	1060237
Great Smoky Mountains NP	North Carolina, Tennessee	816 sq. miles	2013	Oct	847616
Great Smoky Mountains NP	North Carolina, Tennessee	816 sq. miles	2013	Nov	688430
Great Smoky Mountains NP	North Carolina, Tennessee	816 sq. miles	2013	Dec	490702
Great Smoky Mountains NP	North Carolina, Tennessee	816 sq. miles	2014	Jan	275353
Great Smoky Mountains NP	North Carolina, Tennessee	816 sq. miles	2014	Feb	296451
Great Smoky Mountains NP	North Carolina, Tennessee	816 sq. miles	2014	Mar	509454
Great Smoky Mountains NP	North Carolina, Tennessee	816 sq. miles	2014	Apr	724987
Great Smoky Mountains NP	North Carolina, Tennessee	816 sq. miles	2014	May	900900
Great Smoky Mountains NP	North Carolina, Tennessee	816 sq. miles	2014	Jun	1305063
Great Smoky Mountains NP	North Carolina, Tennessee	816 sq. miles	2014	Jul	1445328
Great Smoky Mountains NP	North Carolina, Tennessee	816 sq. miles	2014	Aug	1213262
Great Smoky Mountains NP	North Carolina, Tennessee	816 sq. miles	2014	Sep	978105
Great Smoky Mountains NP	North Carolina, Tennessee	816 sq. miles	2014	Oct	1303450
Great Smoky Mountains NP	North Carolina, Tennessee	816 sq. miles	2014	Nov	636596
Great Smoky Mountains NP	North Carolina, Tennessee	816 sq. miles	2014	Dec	510327
Rocky Mountain NP	Colorado	415 sq. miles	1995	Jan	72264
Rocky Mountain NP	Colorado	415 sq. miles	1995	Feb	55526
Rocky Mountain NP	Colorado	415 sq. miles	1995	Mar	62216
Rocky Mountain NP	Colorado	415 sq. miles	1995	Apr	63517
Rocky Mountain NP	Colorado	415 sq. miles	1995	May	107774
Rocky Mountain NP	Colorado	415 sq. miles	1995	Jun	401034
Rocky Mountain NP	Colorado	415 sq. miles	1995	Jul	643304
Rocky Mountain NP	Colorado	415 sq. miles	1995	Aug	718453
Rocky Mountain NP	Colorado	415 sq. miles	1995	Sep	404990
Rocky Mountain NP	Colorado	415 sq. miles	1995	Oct	237056
Rocky Mountain NP	Colorado	415 sq. miles	1995	Nov	69520
Rocky Mountain NP	Colorado	415 sq. miles	1995	Dec	42515
Rocky Mountain NP	Colorado	415 sq. miles	1996	Jan	50604
Rocky Mountain NP	Colorado	415 sq. miles	1996	Feb	56462
Rocky Mountain NP	Colorado	415 sq. miles	1996	Mar	69517
Rocky Mountain NP	Colorado	415 sq. miles	1996	Apr	73462
Rocky Mountain NP	Colorado	415 sq. miles	1996	May	177831
Rocky Mountain NP	Colorado	415 sq. miles	1996	Jun	442730
Rocky Mountain NP	Colorado	415 sq. miles	1996	Jul	669291
Rocky Mountain NP	Colorado	415 sq. miles	1996	Aug	658613
Rocky Mountain NP	Colorado	415 sq. miles	1996	Sep	405585
Rocky Mountain NP	Colorado	415 sq. miles	1996	Oct	194353
Rocky Mountain NP	Colorado	415 sq. miles	1996	Nov	61799
Rocky Mountain NP	Colorado	415 sq. miles	1996	Dec	63508
Rocky Mountain NP	Colorado	415 sq. miles	1997	Jan	60995
Rocky Mountain NP	Colorado	415 sq. miles	1997	Feb	55496
Rocky Mountain NP	Colorado	415 sq. miles	1997	Mar	82957
Rocky Mountain NP	Colorado	415 sq. miles	1997	Apr	54619
Rocky Mountain NP	Colorado	415 sq. miles	1997	May	182301
Rocky Mountain NP	Colorado	415 sq. miles	1997	Jun	477849
Rocky Mountain NP	Colorado	415 sq. miles	1997	Jul	672256
Rocky Mountain NP	Colorado	415 sq. miles	1997	Aug	635015
Rocky Mountain NP	Colorado	415 sq. miles	1997	Sep	408657
Rocky Mountain NP	Colorado	415 sq. miles	1997	Oct	211588
Rocky Mountain NP	Colorado	415 sq. miles	1997	Nov	65166
Rocky Mountain NP	Colorado	415 sq. miles	1997	Dec	58455
Rocky Mountain NP	Colorado	415 sq. miles	1998	Jan	64192
Rocky Mountain NP	Colorado	415 sq. miles	1998	Feb	61194
Rocky Mountain NP	Colorado	415 sq. miles	1998	Mar	70334
Rocky Mountain NP	Colorado	415 sq. miles	1998	Apr	67735
Rocky Mountain NP	Colorado	415 sq. miles	1998	May	198448
Rocky Mountain NP	Colorado	415 sq. miles	1998	Jun	453744
Rocky Mountain NP	Colorado	415 sq. miles	1998	Jul	683467
Rocky Mountain NP	Colorado	415 sq. miles	1998	Aug	636460
Rocky Mountain NP	Colorado	415 sq. miles	1998	Sep	445728
Rocky Mountain NP	Colorado	415 sq. miles	1998	Oct	227638
Rocky Mountain NP	Colorado	415 sq. miles	1998	Nov	69927
Rocky Mountain NP	Colorado	415 sq. miles	1998	Dec	56555
Rocky Mountain NP	Colorado	415 sq. miles	1999	Jan	60871
Rocky Mountain NP	Colorado	415 sq. miles	1999	Feb	74798
Rocky Mountain NP	Colorado	415 sq. miles	1999	Mar	87163
Rocky Mountain NP	Colorado	415 sq. miles	1999	Apr	58644
Rocky Mountain NP	Colorado	415 sq. miles	1999	May	187697
Rocky Mountain NP	Colorado	415 sq. miles	1999	Jun	471035
Rocky Mountain NP	Colorado	415 sq. miles	1999	Jul	739167
Rocky Mountain NP	Colorado	415 sq. miles	1999	Aug	644694
Rocky Mountain NP	Colorado	415 sq. miles	1999	Sep	466394
Rocky Mountain NP	Colorado	415 sq. miles	1999	Oct	228197
Rocky Mountain NP	Colorado	415 sq. miles	1999	Nov	94367
Rocky Mountain NP	Colorado	415 sq. miles	1999	Dec	73296
Rocky Mountain NP	Colorado	415 sq. miles	2000	Jan	67728
Rocky Mountain NP	Colorado	415 sq. miles	2000	Feb	74328
Rocky Mountain NP	Colorado	415 sq. miles	2000	Mar	83498
Rocky Mountain NP	Colorado	415 sq. miles	2000	Apr	82564
Rocky Mountain NP	Colorado	415 sq. miles	2000	May	211790
Rocky Mountain NP	Colorado	415 sq. miles	2000	Jun	483925
Rocky Mountain NP	Colorado	415 sq. miles	2000	Jul	735598
Rocky Mountain NP	Colorado	415 sq. miles	2000	Aug	597407
Rocky Mountain NP	Colorado	415 sq. miles	2000	Sep	448191
Rocky Mountain NP	Colorado	415 sq. miles	2000	Oct	242240
Rocky Mountain NP	Colorado	415 sq. miles	2000	Nov	85145
Rocky Mountain NP	Colorado	415 sq. miles	2000	Dec	72978
Rocky Mountain NP	Colorado	415 sq. miles	2001	Jan	62319
Rocky Mountain NP	Colorado	415 sq. miles	2001	Feb	66820
Rocky Mountain NP	Colorado	415 sq. miles	2001	Mar	73736
Rocky Mountain NP	Colorado	415 sq. miles	2001	Apr	82007
Rocky Mountain NP	Colorado	415 sq. miles	2001	May	198797
Rocky Mountain NP	Colorado	415 sq. miles	2001	Jun	499970
Rocky Mountain NP	Colorado	415 sq. miles	2001	Jul	749500
Rocky Mountain NP	Colorado	415 sq. miles	2001	Aug	616789
Rocky Mountain NP	Colorado	415 sq. miles	2001	Sep	463160
Rocky Mountain NP	Colorado	415 sq. miles	2001	Oct	184616
Rocky Mountain NP	Colorado	415 sq. miles	2001	Nov	81020
Rocky Mountain NP	Colorado	415 sq. miles	2001	Dec	60951
Rocky Mountain NP	Colorado	415 sq. miles	2002	Jan	64696
Rocky Mountain NP	Colorado	415 sq. miles	2002	Feb	62365
Rocky Mountain NP	Colorado	415 sq. miles	2002	Mar	78997
Rocky Mountain NP	Colorado	415 sq. miles	2002	Apr	72485
Rocky Mountain NP	Colorado	415 sq. miles	2002	May	228491
Rocky Mountain NP	Colorado	415 sq. miles	2002	Jun	491045
Rocky Mountain NP	Colorado	415 sq. miles	2002	Jul	653677
Rocky Mountain NP	Colorado	415 sq. miles	2002	Aug	598693
Rocky Mountain NP	Colorado	415 sq. miles	2002	Sep	428493
Rocky Mountain NP	Colorado	415 sq. miles	2002	Oct	183445
Rocky Mountain NP	Colorado	415 sq. miles	2002	Nov	57455
Rocky Mountain NP	Colorado	415 sq. miles	2002	Dec	68633
Rocky Mountain NP	Colorado	415 sq. miles	2003	Jan	61472
Rocky Mountain NP	Colorado	415 sq. miles	2003	Feb	48224
Rocky Mountain NP	Colorado	415 sq. miles	2003	Mar	63999
Rocky Mountain NP	Colorado	415 sq. miles	2003	Apr	69226
Rocky Mountain NP	Colorado	415 sq. miles	2003	May	198771
Rocky Mountain NP	Colorado	415 sq. miles	2003	Jun	457861
Rocky Mountain NP	Colorado	415 sq. miles	2003	Jul	678086
Rocky Mountain NP	Colorado	415 sq. miles	2003	Aug	626473
Rocky Mountain NP	Colorado	415 sq. miles	2003	Sep	465941
Rocky Mountain NP	Colorado	415 sq. miles	2003	Oct	262699
Rocky Mountain NP	Colorado	415 sq. miles	2003	Nov	69681
Rocky Mountain NP	Colorado	415 sq. miles	2003	Dec	64823
Rocky Mountain NP	Colorado	415 sq. miles	2004	Jan	57795
Rocky Mountain NP	Colorado	415 sq. miles	2004	Feb	58503
Rocky Mountain NP	Colorado	415 sq. miles	2004	Mar	79540
Rocky Mountain NP	Colorado	415 sq. miles	2004	Apr	62595
Rocky Mountain NP	Colorado	415 sq. miles	2004	May	179887
Rocky Mountain NP	Colorado	415 sq. miles	2004	Jun	421739
Rocky Mountain NP	Colorado	415 sq. miles	2004	Jul	633725
Rocky Mountain NP	Colorado	415 sq. miles	2004	Aug	561913
Rocky Mountain NP	Colorado	415 sq. miles	2004	Sep	407864
Rocky Mountain NP	Colorado	415 sq. miles	2004	Oct	200180
Rocky Mountain NP	Colorado	415 sq. miles	2004	Nov	52173
Rocky Mountain NP	Colorado	415 sq. miles	2004	Dec	65985
Rocky Mountain NP	Colorado	415 sq. miles	2005	Jan	60206
Rocky Mountain NP	Colorado	415 sq. miles	2005	Feb	61932
Rocky Mountain NP	Colorado	415 sq. miles	2005	Mar	60125
Rocky Mountain NP	Colorado	415 sq. miles	2005	Apr	60341
Rocky Mountain NP	Colorado	415 sq. miles	2005	May	178599
Rocky Mountain NP	Colorado	415 sq. miles	2005	Jun	417346
Rocky Mountain NP	Colorado	415 sq. miles	2005	Jul	658903
Rocky Mountain NP	Colorado	415 sq. miles	2005	Aug	556353
Rocky Mountain NP	Colorado	415 sq. miles	2005	Sep	406772
Rocky Mountain NP	Colorado	415 sq. miles	2005	Oct	199748
Rocky Mountain NP	Colorado	415 sq. miles	2005	Nov	79707
Rocky Mountain NP	Colorado	415 sq. miles	2005	Dec	58336
Rocky Mountain NP	Colorado	415 sq. miles	2006	Jan	55549
Rocky Mountain NP	Colorado	415 sq. miles	2006	Feb	51901
Rocky Mountain NP	Colorado	415 sq. miles	2006	Mar	59636
Rocky Mountain NP	Colorado	415 sq. miles	2006	Apr	73816
Rocky Mountain NP	Colorado	415 sq. miles	2006	May	187936
Rocky Mountain NP	Colorado	415 sq. miles	2006	Jun	451277
Rocky Mountain NP	Colorado	415 sq. miles	2006	Jul	641178
Rocky Mountain NP	Colorado	415 sq. miles	2006	Aug	516531
Rocky Mountain NP	Colorado	415 sq. miles	2006	Sep	412722
Rocky Mountain NP	Colorado	415 sq. miles	2006	Oct	177716
Rocky Mountain NP	Colorado	415 sq. miles	2006	Nov	61323
Rocky Mountain NP	Colorado	415 sq. miles	2006	Dec	54091
Rocky Mountain NP	Colorado	415 sq. miles	2007	Jan	51340
Rocky Mountain NP	Colorado	415 sq. miles	2007	Feb	51929
Rocky Mountain NP	Colorado	415 sq. miles	2007	Mar	77306
Rocky Mountain NP	Colorado	415 sq. miles	2007	Apr	75190
Rocky Mountain NP	Colorado	415 sq. miles	2007	May	188187
Rocky Mountain NP	Colorado	415 sq. miles	2007	Jun	468770
Rocky Mountain NP	Colorado	415 sq. miles	2007	Jul	653885
Rocky Mountain NP	Colorado	415 sq. miles	2007	Aug	559939
Rocky Mountain NP	Colorado	415 sq. miles	2007	Sep	442327
Rocky Mountain NP	Colorado	415 sq. miles	2007	Oct	204583
Rocky Mountain NP	Colorado	415 sq. miles	2007	Nov	70953
Rocky Mountain NP	Colorado	415 sq. miles	2007	Dec	50974
Rocky Mountain NP	Colorado	415 sq. miles	2008	Jan	62228
Rocky Mountain NP	Colorado	415 sq. miles	2008	Feb	58860
Rocky Mountain NP	Colorado	415 sq. miles	2008	Mar	71260
Rocky Mountain NP	Colorado	415 sq. miles	2008	Apr	63083
Rocky Mountain NP	Colorado	415 sq. miles	2008	May	165489
Rocky Mountain NP	Colorado	415 sq. miles	2008	Jun	420334
Rocky Mountain NP	Colorado	415 sq. miles	2008	Jul	611760
Rocky Mountain NP	Colorado	415 sq. miles	2008	Aug	533886
Rocky Mountain NP	Colorado	415 sq. miles	2008	Sep	424613
Rocky Mountain NP	Colorado	415 sq. miles	2008	Oct	213467
Rocky Mountain NP	Colorado	415 sq. miles	2008	Nov	74914
Rocky Mountain NP	Colorado	415 sq. miles	2008	Dec	57496
Rocky Mountain NP	Colorado	415 sq. miles	2009	Jan	70858
Rocky Mountain NP	Colorado	415 sq. miles	2009	Feb	58375
Rocky Mountain NP	Colorado	415 sq. miles	2009	Mar	75022
Rocky Mountain NP	Colorado	415 sq. miles	2009	Apr	58842
Rocky Mountain NP	Colorado	415 sq. miles	2009	May	207827
Rocky Mountain NP	Colorado	415 sq. miles	2009	Jun	426453
Rocky Mountain NP	Colorado	415 sq. miles	2009	Jul	626907
Rocky Mountain NP	Colorado	415 sq. miles	2009	Aug	568455
Rocky Mountain NP	Colorado	415 sq. miles	2009	Sep	443488
Rocky Mountain NP	Colorado	415 sq. miles	2009	Oct	171959
Rocky Mountain NP	Colorado	415 sq. miles	2009	Nov	67894
Rocky Mountain NP	Colorado	415 sq. miles	2009	Dec	46245
Rocky Mountain NP	Colorado	415 sq. miles	2010	Jan	64618
Rocky Mountain NP	Colorado	415 sq. miles	2010	Feb	44576
Rocky Mountain NP	Colorado	415 sq. miles	2010	Mar	70117
Rocky Mountain NP	Colorado	415 sq. miles	2010	Apr	69097
Rocky Mountain NP	Colorado	415 sq. miles	2010	May	180710
Rocky Mountain NP	Colorado	415 sq. miles	2010	Jun	441738
Rocky Mountain NP	Colorado	415 sq. miles	2010	Jul	668418
Rocky Mountain NP	Colorado	415 sq. miles	2010	Aug	574638
Rocky Mountain NP	Colorado	415 sq. miles	2010	Sep	461942
Rocky Mountain NP	Colorado	415 sq. miles	2010	Oct	245770
Rocky Mountain NP	Colorado	415 sq. miles	2010	Nov	67862
Rocky Mountain NP	Colorado	415 sq. miles	2010	Dec	66335
Rocky Mountain NP	Colorado	415 sq. miles	2011	Jan	68641
Rocky Mountain NP	Colorado	415 sq. miles	2011	Feb	50540
Rocky Mountain NP	Colorado	415 sq. miles	2011	Mar	73760
Rocky Mountain NP	Colorado	415 sq. miles	2011	Apr	77183
Rocky Mountain NP	Colorado	415 sq. miles	2011	May	163587
Rocky Mountain NP	Colorado	415 sq. miles	2011	Jun	500733
Rocky Mountain NP	Colorado	415 sq. miles	2011	Jul	743741
Rocky Mountain NP	Colorado	415 sq. miles	2011	Aug	620534
Rocky Mountain NP	Colorado	415 sq. miles	2011	Sep	483780
Rocky Mountain NP	Colorado	415 sq. miles	2011	Oct	264617
Rocky Mountain NP	Colorado	415 sq. miles	2011	Nov	68076
Rocky Mountain NP	Colorado	415 sq. miles	2011	Dec	61749
Rocky Mountain NP	Colorado	415 sq. miles	2012	Jan	68537
Rocky Mountain NP	Colorado	415 sq. miles	2012	Feb	62036
Rocky Mountain NP	Colorado	415 sq. miles	2012	Mar	104374
Rocky Mountain NP	Colorado	415 sq. miles	2012	Apr	117053
Rocky Mountain NP	Colorado	415 sq. miles	2012	May	228950
Rocky Mountain NP	Colorado	415 sq. miles	2012	Jun	500206
Rocky Mountain NP	Colorado	415 sq. miles	2012	Jul	651722
Rocky Mountain NP	Colorado	415 sq. miles	2012	Aug	589131
Rocky Mountain NP	Colorado	415 sq. miles	2012	Sep	527172
Rocky Mountain NP	Colorado	415 sq. miles	2012	Oct	219946
Rocky Mountain NP	Colorado	415 sq. miles	2012	Nov	93714
Rocky Mountain NP	Colorado	415 sq. miles	2012	Dec	66776
Rocky Mountain NP	Colorado	415 sq. miles	2013	Jan	78022
Rocky Mountain NP	Colorado	415 sq. miles	2013	Feb	68831
Rocky Mountain NP	Colorado	415 sq. miles	2013	Mar	89691
Rocky Mountain NP	Colorado	415 sq. miles	2013	Apr	90379
Rocky Mountain NP	Colorado	415 sq. miles	2013	May	239184
Rocky Mountain NP	Colorado	415 sq. miles	2013	Jun	602508
Rocky Mountain NP	Colorado	415 sq. miles	2013	Jul	712583
Rocky Mountain NP	Colorado	415 sq. miles	2013	Aug	621852
Rocky Mountain NP	Colorado	415 sq. miles	2013	Sep	253467
Rocky Mountain NP	Colorado	415 sq. miles	2013	Oct	66275
Rocky Mountain NP	Colorado	415 sq. miles	2013	Nov	86379
Rocky Mountain NP	Colorado	415 sq. miles	2013	Dec	81970
Rocky Mountain NP	Colorado	415 sq. miles	2014	Jan	77633
Rocky Mountain NP	Colorado	415 sq. miles	2014	Feb	76881
Rocky Mountain NP	Colorado	415 sq. miles	2014	Mar	99077
Rocky Mountain NP	Colorado	415 sq. miles	2014	Apr	97100
Rocky Mountain NP	Colorado	415 sq. miles	2014	May	220532
Rocky Mountain NP	Colorado	415 sq. miles	2014	Jun	538725
Rocky Mountain NP	Colorado	415 sq. miles	2014	Jul	693685
Rocky Mountain NP	Colorado	415 sq. miles	2014	Aug	616826
Rocky Mountain NP	Colorado	415 sq. miles	2014	Sep	537694
Rocky Mountain NP	Colorado	415 sq. miles	2014	Oct	305651
Rocky Mountain NP	Colorado	415 sq. miles	2014	Nov	90915
Rocky Mountain NP	Colorado	415 sq. miles	2014	Dec	80032
Yellowstone NP	Idaho, Montana, Wyoming	3468 sq. miles	1995	Jan	40868
Yellowstone NP	Idaho, Montana, Wyoming	3468 sq. miles	1995	Feb	48034
Yellowstone NP	Idaho, Montana, Wyoming	3468 sq. miles	1995	Mar	21157
Yellowstone NP	Idaho, Montana, Wyoming	3468 sq. miles	1995	Apr	26147
Yellowstone NP	Idaho, Montana, Wyoming	3468 sq. miles	1995	May	201797
Yellowstone NP	Idaho, Montana, Wyoming	3468 sq. miles	1995	Jun	550978
Yellowstone NP	Idaho, Montana, Wyoming	3468 sq. miles	1995	Jul	847003
Yellowstone NP	Idaho, Montana, Wyoming	3468 sq. miles	1995	Aug	773307
Yellowstone NP	Idaho, Montana, Wyoming	3468 sq. miles	1995	Sep	468062
Yellowstone NP	Idaho, Montana, Wyoming	3468 sq. miles	1995	Oct	128483
Yellowstone NP	Idaho, Montana, Wyoming	3468 sq. miles	1995	Nov	11635
Yellowstone NP	Idaho, Montana, Wyoming	3468 sq. miles	1995	Dec	7814
Yellowstone NP	Idaho, Montana, Wyoming	3468 sq. miles	1996	Jan	32871
Yellowstone NP	Idaho, Montana, Wyoming	3468 sq. miles	1996	Feb	51692
Yellowstone NP	Idaho, Montana, Wyoming	3468 sq. miles	1996	Mar	27162
Yellowstone NP	Idaho, Montana, Wyoming	3468 sq. miles	1996	Apr	24321
Yellowstone NP	Idaho, Montana, Wyoming	3468 sq. miles	1996	May	187045
Yellowstone NP	Idaho, Montana, Wyoming	3468 sq. miles	1996	Jun	539368
Yellowstone NP	Idaho, Montana, Wyoming	3468 sq. miles	1996	Jul	818964
Yellowstone NP	Idaho, Montana, Wyoming	3468 sq. miles	1996	Aug	753934
Yellowstone NP	Idaho, Montana, Wyoming	3468 sq. miles	1996	Sep	426806
Yellowstone NP	Idaho, Montana, Wyoming	3468 sq. miles	1996	Oct	118902
Yellowstone NP	Idaho, Montana, Wyoming	3468 sq. miles	1996	Nov	10473
Yellowstone NP	Idaho, Montana, Wyoming	3468 sq. miles	1996	Dec	20633
Yellowstone NP	Idaho, Montana, Wyoming	3468 sq. miles	1997	Jan	31155
Yellowstone NP	Idaho, Montana, Wyoming	3468 sq. miles	1997	Feb	42392
Yellowstone NP	Idaho, Montana, Wyoming	3468 sq. miles	1997	Mar	19324
Yellowstone NP	Idaho, Montana, Wyoming	3468 sq. miles	1997	Apr	21526
Yellowstone NP	Idaho, Montana, Wyoming	3468 sq. miles	1997	May	191985
Yellowstone NP	Idaho, Montana, Wyoming	3468 sq. miles	1997	Jun	512895
Yellowstone NP	Idaho, Montana, Wyoming	3468 sq. miles	1997	Jul	774327
Yellowstone NP	Idaho, Montana, Wyoming	3468 sq. miles	1997	Aug	737973
Yellowstone NP	Idaho, Montana, Wyoming	3468 sq. miles	1997	Sep	403184
Yellowstone NP	Idaho, Montana, Wyoming	3468 sq. miles	1997	Oct	120266
Yellowstone NP	Idaho, Montana, Wyoming	3468 sq. miles	1997	Nov	9983
Yellowstone NP	Idaho, Montana, Wyoming	3468 sq. miles	1997	Dec	24503
Yellowstone NP	Idaho, Montana, Wyoming	3468 sq. miles	1998	Jan	33845
Yellowstone NP	Idaho, Montana, Wyoming	3468 sq. miles	1998	Feb	43032
Yellowstone NP	Idaho, Montana, Wyoming	3468 sq. miles	1998	Mar	17894
Yellowstone NP	Idaho, Montana, Wyoming	3468 sq. miles	1998	Apr	29689
Yellowstone NP	Idaho, Montana, Wyoming	3468 sq. miles	1998	May	222385
Yellowstone NP	Idaho, Montana, Wyoming	3468 sq. miles	1998	Jun	549396
Yellowstone NP	Idaho, Montana, Wyoming	3468 sq. miles	1998	Jul	829683
Yellowstone NP	Idaho, Montana, Wyoming	3468 sq. miles	1998	Aug	764238
Yellowstone NP	Idaho, Montana, Wyoming	3468 sq. miles	1998	Sep	445741
Yellowstone NP	Idaho, Montana, Wyoming	3468 sq. miles	1998	Oct	150079
Yellowstone NP	Idaho, Montana, Wyoming	3468 sq. miles	1998	Nov	9106
Yellowstone NP	Idaho, Montana, Wyoming	3468 sq. miles	1998	Dec	25742
Yellowstone NP	Idaho, Montana, Wyoming	3468 sq. miles	1999	Jan	34346
Yellowstone NP	Idaho, Montana, Wyoming	3468 sq. miles	1999	Feb	41120
Yellowstone NP	Idaho, Montana, Wyoming	3468 sq. miles	1999	Mar	23067
Yellowstone NP	Idaho, Montana, Wyoming	3468 sq. miles	1999	Apr	27128
Yellowstone NP	Idaho, Montana, Wyoming	3468 sq. miles	1999	May	203727
Yellowstone NP	Idaho, Montana, Wyoming	3468 sq. miles	1999	Jun	580624
Yellowstone NP	Idaho, Montana, Wyoming	3468 sq. miles	1999	Jul	832685
Yellowstone NP	Idaho, Montana, Wyoming	3468 sq. miles	1999	Aug	760062
Yellowstone NP	Idaho, Montana, Wyoming	3468 sq. miles	1999	Sep	445057
Yellowstone NP	Idaho, Montana, Wyoming	3468 sq. miles	1999	Oct	142049
Yellowstone NP	Idaho, Montana, Wyoming	3468 sq. miles	1999	Nov	16230
Yellowstone NP	Idaho, Montana, Wyoming	3468 sq. miles	1999	Dec	25286
Yellowstone NP	Idaho, Montana, Wyoming	3468 sq. miles	2000	Jan	37301
Yellowstone NP	Idaho, Montana, Wyoming	3468 sq. miles	2000	Feb	47573
Yellowstone NP	Idaho, Montana, Wyoming	3468 sq. miles	2000	Mar	20404
Yellowstone NP	Idaho, Montana, Wyoming	3468 sq. miles	2000	Apr	27869
Yellowstone NP	Idaho, Montana, Wyoming	3468 sq. miles	2000	May	214814
Yellowstone NP	Idaho, Montana, Wyoming	3468 sq. miles	2000	Jun	553892
Yellowstone NP	Idaho, Montana, Wyoming	3468 sq. miles	2000	Jul	768040
Yellowstone NP	Idaho, Montana, Wyoming	3468 sq. miles	2000	Aug	634104
Yellowstone NP	Idaho, Montana, Wyoming	3468 sq. miles	2000	Sep	353728
Yellowstone NP	Idaho, Montana, Wyoming	3468 sq. miles	2000	Oct	139784
Yellowstone NP	Idaho, Montana, Wyoming	3468 sq. miles	2000	Nov	13422
Yellowstone NP	Idaho, Montana, Wyoming	3468 sq. miles	2000	Dec	27302
Yellowstone NP	Idaho, Montana, Wyoming	3468 sq. miles	2001	Jan	44356
Yellowstone NP	Idaho, Montana, Wyoming	3468 sq. miles	2001	Feb	48980
Yellowstone NP	Idaho, Montana, Wyoming	3468 sq. miles	2001	Mar	18485
Yellowstone NP	Idaho, Montana, Wyoming	3468 sq. miles	2001	Apr	28341
Yellowstone NP	Idaho, Montana, Wyoming	3468 sq. miles	2001	May	229085
Yellowstone NP	Idaho, Montana, Wyoming	3468 sq. miles	2001	Jun	507737
Yellowstone NP	Idaho, Montana, Wyoming	3468 sq. miles	2001	Jul	724735
Yellowstone NP	Idaho, Montana, Wyoming	3468 sq. miles	2001	Aug	613965
Yellowstone NP	Idaho, Montana, Wyoming	3468 sq. miles	2001	Sep	373583
Yellowstone NP	Idaho, Montana, Wyoming	3468 sq. miles	2001	Oct	121958
Yellowstone NP	Idaho, Montana, Wyoming	3468 sq. miles	2001	Nov	19585
Yellowstone NP	Idaho, Montana, Wyoming	3468 sq. miles	2001	Dec	27716
Yellowstone NP	Idaho, Montana, Wyoming	3468 sq. miles	2002	Jan	40465
Yellowstone NP	Idaho, Montana, Wyoming	3468 sq. miles	2002	Feb	52002
Yellowstone NP	Idaho, Montana, Wyoming	3468 sq. miles	2002	Mar	23305
Yellowstone NP	Idaho, Montana, Wyoming	3468 sq. miles	2002	Apr	15904
Yellowstone NP	Idaho, Montana, Wyoming	3468 sq. miles	2002	May	228642
Yellowstone NP	Idaho, Montana, Wyoming	3468 sq. miles	2002	Jun	568144
Yellowstone NP	Idaho, Montana, Wyoming	3468 sq. miles	2002	Jul	794929
Yellowstone NP	Idaho, Montana, Wyoming	3468 sq. miles	2002	Aug	663266
Yellowstone NP	Idaho, Montana, Wyoming	3468 sq. miles	2002	Sep	413960
Yellowstone NP	Idaho, Montana, Wyoming	3468 sq. miles	2002	Oct	142702
Yellowstone NP	Idaho, Montana, Wyoming	3468 sq. miles	2002	Nov	11235
Yellowstone NP	Idaho, Montana, Wyoming	3468 sq. miles	2002	Dec	19123
Yellowstone NP	Idaho, Montana, Wyoming	3468 sq. miles	2003	Jan	36387
Yellowstone NP	Idaho, Montana, Wyoming	3468 sq. miles	2003	Feb	39494
Yellowstone NP	Idaho, Montana, Wyoming	3468 sq. miles	2003	Mar	17718
Yellowstone NP	Idaho, Montana, Wyoming	3468 sq. miles	2003	Apr	28877
Yellowstone NP	Idaho, Montana, Wyoming	3468 sq. miles	2003	May	206245
Yellowstone NP	Idaho, Montana, Wyoming	3468 sq. miles	2003	Jun	580919
Yellowstone NP	Idaho, Montana, Wyoming	3468 sq. miles	2003	Jul	809689
Yellowstone NP	Idaho, Montana, Wyoming	3468 sq. miles	2003	Aug	698753
Yellowstone NP	Idaho, Montana, Wyoming	3468 sq. miles	2003	Sep	404498
Yellowstone NP	Idaho, Montana, Wyoming	3468 sq. miles	2003	Oct	175877
Yellowstone NP	Idaho, Montana, Wyoming	3468 sq. miles	2003	Nov	7967
Yellowstone NP	Idaho, Montana, Wyoming	3468 sq. miles	2003	Dec	12951
Yellowstone NP	Idaho, Montana, Wyoming	3468 sq. miles	2004	Jan	22817
Yellowstone NP	Idaho, Montana, Wyoming	3468 sq. miles	2004	Feb	30030
Yellowstone NP	Idaho, Montana, Wyoming	3468 sq. miles	2004	Mar	20187
Yellowstone NP	Idaho, Montana, Wyoming	3468 sq. miles	2004	Apr	32434
Yellowstone NP	Idaho, Montana, Wyoming	3468 sq. miles	2004	May	216905
Yellowstone NP	Idaho, Montana, Wyoming	3468 sq. miles	2004	Jun	584925
Yellowstone NP	Idaho, Montana, Wyoming	3468 sq. miles	2004	Jul	732682
Yellowstone NP	Idaho, Montana, Wyoming	3468 sq. miles	2004	Aug	657869
Yellowstone NP	Idaho, Montana, Wyoming	3468 sq. miles	2004	Sep	406327
Yellowstone NP	Idaho, Montana, Wyoming	3468 sq. miles	2004	Oct	135605
Yellowstone NP	Idaho, Montana, Wyoming	3468 sq. miles	2004	Nov	13939
Yellowstone NP	Idaho, Montana, Wyoming	3468 sq. miles	2004	Dec	14597
Yellowstone NP	Idaho, Montana, Wyoming	3468 sq. miles	2005	Jan	22297
Yellowstone NP	Idaho, Montana, Wyoming	3468 sq. miles	2005	Feb	29018
Yellowstone NP	Idaho, Montana, Wyoming	3468 sq. miles	2005	Mar	17324
Yellowstone NP	Idaho, Montana, Wyoming	3468 sq. miles	2005	Apr	26116
Yellowstone NP	Idaho, Montana, Wyoming	3468 sq. miles	2005	May	225811
Yellowstone NP	Idaho, Montana, Wyoming	3468 sq. miles	2005	Jun	560014
Yellowstone NP	Idaho, Montana, Wyoming	3468 sq. miles	2005	Jul	743165
Yellowstone NP	Idaho, Montana, Wyoming	3468 sq. miles	2005	Aug	647288
Yellowstone NP	Idaho, Montana, Wyoming	3468 sq. miles	2005	Sep	393362
Yellowstone NP	Idaho, Montana, Wyoming	3468 sq. miles	2005	Oct	142912
Yellowstone NP	Idaho, Montana, Wyoming	3468 sq. miles	2005	Nov	11505
Yellowstone NP	Idaho, Montana, Wyoming	3468 sq. miles	2005	Dec	16839
Yellowstone NP	Idaho, Montana, Wyoming	3468 sq. miles	2006	Jan	23989
Yellowstone NP	Idaho, Montana, Wyoming	3468 sq. miles	2006	Feb	29011
Yellowstone NP	Idaho, Montana, Wyoming	3468 sq. miles	2006	Mar	18879
Yellowstone NP	Idaho, Montana, Wyoming	3468 sq. miles	2006	Apr	29381
Yellowstone NP	Idaho, Montana, Wyoming	3468 sq. miles	2006	May	230762
Yellowstone NP	Idaho, Montana, Wyoming	3468 sq. miles	2006	Jun	557213
Yellowstone NP	Idaho, Montana, Wyoming	3468 sq. miles	2006	Jul	738807
Yellowstone NP	Idaho, Montana, Wyoming	3468 sq. miles	2006	Aug	635666
Yellowstone NP	Idaho, Montana, Wyoming	3468 sq. miles	2006	Sep	428369
Yellowstone NP	Idaho, Montana, Wyoming	3468 sq. miles	2006	Oct	146790
Yellowstone NP	Idaho, Montana, Wyoming	3468 sq. miles	2006	Nov	12382
Yellowstone NP	Idaho, Montana, Wyoming	3468 sq. miles	2006	Dec	19046
Yellowstone NP	Idaho, Montana, Wyoming	3468 sq. miles	2007	Jan	25476
Yellowstone NP	Idaho, Montana, Wyoming	3468 sq. miles	2007	Feb	30928
Yellowstone NP	Idaho, Montana, Wyoming	3468 sq. miles	2007	Mar	20225
Yellowstone NP	Idaho, Montana, Wyoming	3468 sq. miles	2007	Apr	27798
Yellowstone NP	Idaho, Montana, Wyoming	3468 sq. miles	2007	May	264203
Yellowstone NP	Idaho, Montana, Wyoming	3468 sq. miles	2007	Jun	609606
Yellowstone NP	Idaho, Montana, Wyoming	3468 sq. miles	2007	Jul	822773
Yellowstone NP	Idaho, Montana, Wyoming	3468 sq. miles	2007	Aug	710781
Yellowstone NP	Idaho, Montana, Wyoming	3468 sq. miles	2007	Sep	463994
Yellowstone NP	Idaho, Montana, Wyoming	3468 sq. miles	2007	Oct	139789
Yellowstone NP	Idaho, Montana, Wyoming	3468 sq. miles	2007	Nov	15362
Yellowstone NP	Idaho, Montana, Wyoming	3468 sq. miles	2007	Dec	20408
Yellowstone NP	Idaho, Montana, Wyoming	3468 sq. miles	2008	Jan	26864
Yellowstone NP	Idaho, Montana, Wyoming	3468 sq. miles	2008	Feb	33557
Yellowstone NP	Idaho, Montana, Wyoming	3468 sq. miles	2008	Mar	19147
Yellowstone NP	Idaho, Montana, Wyoming	3468 sq. miles	2008	Apr	24433
Yellowstone NP	Idaho, Montana, Wyoming	3468 sq. miles	2008	May	217938
Yellowstone NP	Idaho, Montana, Wyoming	3468 sq. miles	2008	Jun	593405
Yellowstone NP	Idaho, Montana, Wyoming	3468 sq. miles	2008	Jul	808110
Yellowstone NP	Idaho, Montana, Wyoming	3468 sq. miles	2008	Aug	731063
Yellowstone NP	Idaho, Montana, Wyoming	3468 sq. miles	2008	Sep	437552
Yellowstone NP	Idaho, Montana, Wyoming	3468 sq. miles	2008	Oct	145488
Yellowstone NP	Idaho, Montana, Wyoming	3468 sq. miles	2008	Nov	12671
Yellowstone NP	Idaho, Montana, Wyoming	3468 sq. miles	2008	Dec	16352
Yellowstone NP	Idaho, Montana, Wyoming	3468 sq. miles	2009	Jan	24770
Yellowstone NP	Idaho, Montana, Wyoming	3468 sq. miles	2009	Feb	28355
Yellowstone NP	Idaho, Montana, Wyoming	3468 sq. miles	2009	Mar	17317
Yellowstone NP	Idaho, Montana, Wyoming	3468 sq. miles	2009	Apr	24831
Yellowstone NP	Idaho, Montana, Wyoming	3468 sq. miles	2009	May	261763
Yellowstone NP	Idaho, Montana, Wyoming	3468 sq. miles	2009	Jun	643844
Yellowstone NP	Idaho, Montana, Wyoming	3468 sq. miles	2009	Jul	900515
Yellowstone NP	Idaho, Montana, Wyoming	3468 sq. miles	2009	Aug	752983
Yellowstone NP	Idaho, Montana, Wyoming	3468 sq. miles	2009	Sep	489438
Yellowstone NP	Idaho, Montana, Wyoming	3468 sq. miles	2009	Oct	123867
Yellowstone NP	Idaho, Montana, Wyoming	3468 sq. miles	2009	Nov	9397
Yellowstone NP	Idaho, Montana, Wyoming	3468 sq. miles	2009	Dec	18107
Yellowstone NP	Idaho, Montana, Wyoming	3468 sq. miles	2010	Jan	25595
Yellowstone NP	Idaho, Montana, Wyoming	3468 sq. miles	2010	Feb	29108
Yellowstone NP	Idaho, Montana, Wyoming	3468 sq. miles	2010	Mar	21028
Yellowstone NP	Idaho, Montana, Wyoming	3468 sq. miles	2010	Apr	32763
Yellowstone NP	Idaho, Montana, Wyoming	3468 sq. miles	2010	May	250445
Yellowstone NP	Idaho, Montana, Wyoming	3468 sq. miles	2010	Jun	694841
Yellowstone NP	Idaho, Montana, Wyoming	3468 sq. miles	2010	Jul	957785
Yellowstone NP	Idaho, Montana, Wyoming	3468 sq. miles	2010	Aug	854837
Yellowstone NP	Idaho, Montana, Wyoming	3468 sq. miles	2010	Sep	550504
Yellowstone NP	Idaho, Montana, Wyoming	3468 sq. miles	2010	Oct	189072
Yellowstone NP	Idaho, Montana, Wyoming	3468 sq. miles	2010	Nov	16819
Yellowstone NP	Idaho, Montana, Wyoming	3468 sq. miles	2010	Dec	17388
Yellowstone NP	Idaho, Montana, Wyoming	3468 sq. miles	2011	Jan	24517
Yellowstone NP	Idaho, Montana, Wyoming	3468 sq. miles	2011	Feb	28174
Yellowstone NP	Idaho, Montana, Wyoming	3468 sq. miles	2011	Mar	18728
Yellowstone NP	Idaho, Montana, Wyoming	3468 sq. miles	2011	Apr	28147
Yellowstone NP	Idaho, Montana, Wyoming	3468 sq. miles	2011	May	207842
Yellowstone NP	Idaho, Montana, Wyoming	3468 sq. miles	2011	Jun	634316
Yellowstone NP	Idaho, Montana, Wyoming	3468 sq. miles	2011	Jul	906935
Yellowstone NP	Idaho, Montana, Wyoming	3468 sq. miles	2011	Aug	805173
Yellowstone NP	Idaho, Montana, Wyoming	3468 sq. miles	2011	Sep	536349
Yellowstone NP	Idaho, Montana, Wyoming	3468 sq. miles	2011	Oct	175433
Yellowstone NP	Idaho, Montana, Wyoming	3468 sq. miles	2011	Nov	12198
Yellowstone NP	Idaho, Montana, Wyoming	3468 sq. miles	2011	Dec	16514
Yellowstone NP	Idaho, Montana, Wyoming	3468 sq. miles	2012	Jan	24766
Yellowstone NP	Idaho, Montana, Wyoming	3468 sq. miles	2012	Feb	27752
Yellowstone NP	Idaho, Montana, Wyoming	3468 sq. miles	2012	Mar	20248
Yellowstone NP	Idaho, Montana, Wyoming	3468 sq. miles	2012	Apr	29056
Yellowstone NP	Idaho, Montana, Wyoming	3468 sq. miles	2012	May	268251
Yellowstone NP	Idaho, Montana, Wyoming	3468 sq. miles	2012	Jun	671825
Yellowstone NP	Idaho, Montana, Wyoming	3468 sq. miles	2012	Jul	888335
Yellowstone NP	Idaho, Montana, Wyoming	3468 sq. miles	2012	Aug	780286
Yellowstone NP	Idaho, Montana, Wyoming	3468 sq. miles	2012	Sep	527610
Yellowstone NP	Idaho, Montana, Wyoming	3468 sq. miles	2012	Oct	177069
Yellowstone NP	Idaho, Montana, Wyoming	3468 sq. miles	2012	Nov	14059
Yellowstone NP	Idaho, Montana, Wyoming	3468 sq. miles	2012	Dec	18472
Yellowstone NP	Idaho, Montana, Wyoming	3468 sq. miles	2013	Jan	24699
Yellowstone NP	Idaho, Montana, Wyoming	3468 sq. miles	2013	Feb	31053
Yellowstone NP	Idaho, Montana, Wyoming	3468 sq. miles	2013	Mar	18613
Yellowstone NP	Idaho, Montana, Wyoming	3468 sq. miles	2013	Apr	24606
Yellowstone NP	Idaho, Montana, Wyoming	3468 sq. miles	2013	May	293250
Yellowstone NP	Idaho, Montana, Wyoming	3468 sq. miles	2013	Jun	624429
Yellowstone NP	Idaho, Montana, Wyoming	3468 sq. miles	2013	Jul	812212
Yellowstone NP	Idaho, Montana, Wyoming	3468 sq. miles	2013	Aug	725136
Yellowstone NP	Idaho, Montana, Wyoming	3468 sq. miles	2013	Sep	557925
Yellowstone NP	Idaho, Montana, Wyoming	3468 sq. miles	2013	Oct	47560
Yellowstone NP	Idaho, Montana, Wyoming	3468 sq. miles	2013	Nov	11169
Yellowstone NP	Idaho, Montana, Wyoming	3468 sq. miles	2013	Dec	17378
Yellowstone NP	Idaho, Montana, Wyoming	3468 sq. miles	2014	Jan	26778
Yellowstone NP	Idaho, Montana, Wyoming	3468 sq. miles	2014	Feb	28233
Yellowstone NP	Idaho, Montana, Wyoming	3468 sq. miles	2014	Mar	18778
Yellowstone NP	Idaho, Montana, Wyoming	3468 sq. miles	2014	Apr	31356
Yellowstone NP	Idaho, Montana, Wyoming	3468 sq. miles	2014	May	310039
Yellowstone NP	Idaho, Montana, Wyoming	3468 sq. miles	2014	Jun	669642
Yellowstone NP	Idaho, Montana, Wyoming	3468 sq. miles	2014	Jul	858856
Yellowstone NP	Idaho, Montana, Wyoming	3468 sq. miles	2014	Aug	773357
Yellowstone NP	Idaho, Montana, Wyoming	3468 sq. miles	2014	Sep	571764
Yellowstone NP	Idaho, Montana, Wyoming	3468 sq. miles	2014	Oct	194804
Yellowstone NP	Idaho, Montana, Wyoming	3468 sq. miles	2014	Nov	11537
Yellowstone NP	Idaho, Montana, Wyoming	3468 sq. miles	2014	Dec	18340
Yosemite NP	California	1169 sq. miles	1995	Jan	123844
Yosemite NP	California	1169 sq. miles	1995	Feb	151102
Yosemite NP	California	1169 sq. miles	1995	Mar	124710
Yosemite NP	California	1169 sq. miles	1995	Apr	250592
Yosemite NP	California	1169 sq. miles	1995	May	279575
Yosemite NP	California	1169 sq. miles	1995	Jun	449511
Yosemite NP	California	1169 sq. miles	1995	Jul	663052
Yosemite NP	California	1169 sq. miles	1995	Aug	656064
Yosemite NP	California	1169 sq. miles	1995	Sep	551886
Yosemite NP	California	1169 sq. miles	1995	Oct	409319
Yosemite NP	California	1169 sq. miles	1995	Nov	210295
Yosemite NP	California	1169 sq. miles	1995	Dec	88456
Yosemite NP	California	1169 sq. miles	1996	Jan	104086
Yosemite NP	California	1169 sq. miles	1996	Feb	135115
Yosemite NP	California	1169 sq. miles	1996	Mar	180709
Yosemite NP	California	1169 sq. miles	1996	Apr	253532
Yosemite NP	California	1169 sq. miles	1996	May	347364
Yosemite NP	California	1169 sq. miles	1996	Jun	527284
Yosemite NP	California	1169 sq. miles	1996	Jul	622855
Yosemite NP	California	1169 sq. miles	1996	Aug	679862
Yosemite NP	California	1169 sq. miles	1996	Sep	517934
Yosemite NP	California	1169 sq. miles	1996	Oct	365313
Yosemite NP	California	1169 sq. miles	1996	Nov	172037
Yosemite NP	California	1169 sq. miles	1996	Dec	140116
Yosemite NP	California	1169 sq. miles	1997	Jan	12520
Yosemite NP	California	1169 sq. miles	1997	Feb	64201
Yosemite NP	California	1169 sq. miles	1997	Mar	136476
Yosemite NP	California	1169 sq. miles	1997	Apr	200212
Yosemite NP	California	1169 sq. miles	1997	May	319108
Yosemite NP	California	1169 sq. miles	1997	Jun	460459
Yosemite NP	California	1169 sq. miles	1997	Jul	595059
Yosemite NP	California	1169 sq. miles	1997	Aug	697060
Yosemite NP	California	1169 sq. miles	1997	Sep	516567
Yosemite NP	California	1169 sq. miles	1997	Oct	372171
Yosemite NP	California	1169 sq. miles	1997	Nov	168533
Yosemite NP	California	1169 sq. miles	1997	Dec	127604
Yosemite NP	California	1169 sq. miles	1998	Jan	114143
Yosemite NP	California	1169 sq. miles	1998	Feb	109163
Yosemite NP	California	1169 sq. miles	1998	Mar	157257
Yosemite NP	California	1169 sq. miles	1998	Apr	231495
Yosemite NP	California	1169 sq. miles	1998	May	307331
Yosemite NP	California	1169 sq. miles	1998	Jun	345916
Yosemite NP	California	1169 sq. miles	1998	Jul	603790
Yosemite NP	California	1169 sq. miles	1998	Aug	672966
Yosemite NP	California	1169 sq. miles	1998	Sep	480941
Yosemite NP	California	1169 sq. miles	1998	Oct	384428
Yosemite NP	California	1169 sq. miles	1998	Nov	142002
Yosemite NP	California	1169 sq. miles	1998	Dec	107700
Yosemite NP	California	1169 sq. miles	1999	Jan	100857
Yosemite NP	California	1169 sq. miles	1999	Feb	102345
Yosemite NP	California	1169 sq. miles	1999	Mar	136795
Yosemite NP	California	1169 sq. miles	1999	Apr	169517
Yosemite NP	California	1169 sq. miles	1999	May	335374
Yosemite NP	California	1169 sq. miles	1999	Jun	448560
Yosemite NP	California	1169 sq. miles	1999	Jul	558114
Yosemite NP	California	1169 sq. miles	1999	Aug	625405
Yosemite NP	California	1169 sq. miles	1999	Sep	433178
Yosemite NP	California	1169 sq. miles	1999	Oct	330334
Yosemite NP	California	1169 sq. miles	1999	Nov	150843
Yosemite NP	California	1169 sq. miles	1999	Dec	102285
Yosemite NP	California	1169 sq. miles	2000	Jan	93633
Yosemite NP	California	1169 sq. miles	2000	Feb	103444
Yosemite NP	California	1169 sq. miles	2000	Mar	136523
Yosemite NP	California	1169 sq. miles	2000	Apr	216087
Yosemite NP	California	1169 sq. miles	2000	May	317009
Yosemite NP	California	1169 sq. miles	2000	Jun	454638
Yosemite NP	California	1169 sq. miles	2000	Jul	548440
Yosemite NP	California	1169 sq. miles	2000	Aug	546981
Yosemite NP	California	1169 sq. miles	2000	Sep	388707
Yosemite NP	California	1169 sq. miles	2000	Oct	324484
Yosemite NP	California	1169 sq. miles	2000	Nov	144958
Yosemite NP	California	1169 sq. miles	2000	Dec	125999
Yosemite NP	California	1169 sq. miles	2001	Jan	102455
Yosemite NP	California	1169 sq. miles	2001	Feb	101897
Yosemite NP	California	1169 sq. miles	2001	Mar	142141
Yosemite NP	California	1169 sq. miles	2001	Apr	192936
Yosemite NP	California	1169 sq. miles	2001	May	315897
Yosemite NP	California	1169 sq. miles	2001	Jun	434014
Yosemite NP	California	1169 sq. miles	2001	Jul	528849
Yosemite NP	California	1169 sq. miles	2001	Aug	591196
Yosemite NP	California	1169 sq. miles	2001	Sep	448519
Yosemite NP	California	1169 sq. miles	2001	Oct	264465
Yosemite NP	California	1169 sq. miles	2001	Nov	137876
Yosemite NP	California	1169 sq. miles	2001	Dec	108486
Yosemite NP	California	1169 sq. miles	2002	Jan	108906
Yosemite NP	California	1169 sq. miles	2002	Feb	113695
Yosemite NP	California	1169 sq. miles	2002	Mar	141766
Yosemite NP	California	1169 sq. miles	2002	Apr	186682
Yosemite NP	California	1169 sq. miles	2002	May	295511
Yosemite NP	California	1169 sq. miles	2002	Jun	436862
Yosemite NP	California	1169 sq. miles	2002	Jul	513789
Yosemite NP	California	1169 sq. miles	2002	Aug	570914
Yosemite NP	California	1169 sq. miles	2002	Sep	426684
Yosemite NP	California	1169 sq. miles	2002	Oct	300919
Yosemite NP	California	1169 sq. miles	2002	Nov	149828
Yosemite NP	California	1169 sq. miles	2002	Dec	116311
Yosemite NP	California	1169 sq. miles	2003	Jan	116984
Yosemite NP	California	1169 sq. miles	2003	Feb	111506
Yosemite NP	California	1169 sq. miles	2003	Mar	137550
Yosemite NP	California	1169 sq. miles	2003	Apr	174337
Yosemite NP	California	1169 sq. miles	2003	May	280335
Yosemite NP	California	1169 sq. miles	2003	Jun	445887
Yosemite NP	California	1169 sq. miles	2003	Jul	536683
Yosemite NP	California	1169 sq. miles	2003	Aug	604093
Yosemite NP	California	1169 sq. miles	2003	Sep	405605
Yosemite NP	California	1169 sq. miles	2003	Oct	316366
Yosemite NP	California	1169 sq. miles	2003	Nov	136390
Yosemite NP	California	1169 sq. miles	2003	Dec	112928
Yosemite NP	California	1169 sq. miles	2004	Jan	100020
Yosemite NP	California	1169 sq. miles	2004	Feb	106258
Yosemite NP	California	1169 sq. miles	2004	Mar	146876
Yosemite NP	California	1169 sq. miles	2004	Apr	228212
Yosemite NP	California	1169 sq. miles	2004	May	326017
Yosemite NP	California	1169 sq. miles	2004	Jun	449566
Yosemite NP	California	1169 sq. miles	2004	Jul	531864
Yosemite NP	California	1169 sq. miles	2004	Aug	508094
Yosemite NP	California	1169 sq. miles	2004	Sep	393437
Yosemite NP	California	1169 sq. miles	2004	Oct	272200
Yosemite NP	California	1169 sq. miles	2004	Nov	121622
Yosemite NP	California	1169 sq. miles	2004	Dec	96745
Yosemite NP	California	1169 sq. miles	2005	Jan	91238
Yosemite NP	California	1169 sq. miles	2005	Feb	103756
Yosemite NP	California	1169 sq. miles	2005	Mar	143335
Yosemite NP	California	1169 sq. miles	2005	Apr	195385
Yosemite NP	California	1169 sq. miles	2005	May	304552
Yosemite NP	California	1169 sq. miles	2005	Jun	413124
Yosemite NP	California	1169 sq. miles	2005	Jul	554567
Yosemite NP	California	1169 sq. miles	2005	Aug	485643
Yosemite NP	California	1169 sq. miles	2005	Sep	430134
Yosemite NP	California	1169 sq. miles	2005	Oct	318508
Yosemite NP	California	1169 sq. miles	2005	Nov	152671
Yosemite NP	California	1169 sq. miles	2005	Dec	111231
Yosemite NP	California	1169 sq. miles	2006	Jan	104591
Yosemite NP	California	1169 sq. miles	2006	Feb	101194
Yosemite NP	California	1169 sq. miles	2006	Mar	125556
Yosemite NP	California	1169 sq. miles	2006	Apr	189472
Yosemite NP	California	1169 sq. miles	2006	May	309387
Yosemite NP	California	1169 sq. miles	2006	Jun	382972
Yosemite NP	California	1169 sq. miles	2006	Jul	510932
Yosemite NP	California	1169 sq. miles	2006	Aug	528254
Yosemite NP	California	1169 sq. miles	2006	Sep	421502
Yosemite NP	California	1169 sq. miles	2006	Oct	298771
Yosemite NP	California	1169 sq. miles	2006	Nov	165499
Yosemite NP	California	1169 sq. miles	2006	Dec	104514
Yosemite NP	California	1169 sq. miles	2007	Jan	99892
Yosemite NP	California	1169 sq. miles	2007	Feb	100941
Yosemite NP	California	1169 sq. miles	2007	Mar	135925
Yosemite NP	California	1169 sq. miles	2007	Apr	219854
Yosemite NP	California	1169 sq. miles	2007	May	374184
Yosemite NP	California	1169 sq. miles	2007	Jun	466054
Yosemite NP	California	1169 sq. miles	2007	Jul	543235
Yosemite NP	California	1169 sq. miles	2007	Aug	550172
Yosemite NP	California	1169 sq. miles	2007	Sep	417882
Yosemite NP	California	1169 sq. miles	2007	Oct	298122
Yosemite NP	California	1169 sq. miles	2007	Nov	178846
Yosemite NP	California	1169 sq. miles	2007	Dec	118321
Yosemite NP	California	1169 sq. miles	2008	Jan	95124
Yosemite NP	California	1169 sq. miles	2008	Feb	107729
Yosemite NP	California	1169 sq. miles	2008	Mar	153735
Yosemite NP	California	1169 sq. miles	2008	Apr	199592
Yosemite NP	California	1169 sq. miles	2008	May	361193
Yosemite NP	California	1169 sq. miles	2008	Jun	473186
Yosemite NP	California	1169 sq. miles	2008	Jul	539874
Yosemite NP	California	1169 sq. miles	2008	Aug	543799
Yosemite NP	California	1169 sq. miles	2008	Sep	416918
Yosemite NP	California	1169 sq. miles	2008	Oct	295547
Yosemite NP	California	1169 sq. miles	2008	Nov	146838
Yosemite NP	California	1169 sq. miles	2008	Dec	97979
Yosemite NP	California	1169 sq. miles	2009	Jan	101984
Yosemite NP	California	1169 sq. miles	2009	Feb	78795
Yosemite NP	California	1169 sq. miles	2009	Mar	132711
Yosemite NP	California	1169 sq. miles	2009	Apr	230828
Yosemite NP	California	1169 sq. miles	2009	May	399683
Yosemite NP	California	1169 sq. miles	2009	Jun	483382
Yosemite NP	California	1169 sq. miles	2009	Jul	586591
Yosemite NP	California	1169 sq. miles	2009	Aug	643300
Yosemite NP	California	1169 sq. miles	2009	Sep	471530
Yosemite NP	California	1169 sq. miles	2009	Oct	346826
Yosemite NP	California	1169 sq. miles	2009	Nov	151297
Yosemite NP	California	1169 sq. miles	2009	Dec	110545
Yosemite NP	California	1169 sq. miles	2010	Jan	96089
Yosemite NP	California	1169 sq. miles	2010	Feb	100379
Yosemite NP	California	1169 sq. miles	2010	Mar	149651
Yosemite NP	California	1169 sq. miles	2010	Apr	224461
Yosemite NP	California	1169 sq. miles	2010	May	382414
Yosemite NP	California	1169 sq. miles	2010	Jun	521059
Yosemite NP	California	1169 sq. miles	2010	Jul	643566
Yosemite NP	California	1169 sq. miles	2010	Aug	659857
Yosemite NP	California	1169 sq. miles	2010	Sep	520210
Yosemite NP	California	1169 sq. miles	2010	Oct	356370
Yosemite NP	California	1169 sq. miles	2010	Nov	148459
Yosemite NP	California	1169 sq. miles	2010	Dec	98893
Yosemite NP	California	1169 sq. miles	2011	Jan	100718
Yosemite NP	California	1169 sq. miles	2011	Feb	93588
Yosemite NP	California	1169 sq. miles	2011	Mar	100433
Yosemite NP	California	1169 sq. miles	2011	Apr	231372
Yosemite NP	California	1169 sq. miles	2011	May	356588
Yosemite NP	California	1169 sq. miles	2011	Jun	503741
Yosemite NP	California	1169 sq. miles	2011	Jul	704553
Yosemite NP	California	1169 sq. miles	2011	Aug	699749
Yosemite NP	California	1169 sq. miles	2011	Sep	533502
Yosemite NP	California	1169 sq. miles	2011	Oct	360449
Yosemite NP	California	1169 sq. miles	2011	Nov	139079
Yosemite NP	California	1169 sq. miles	2011	Dec	127621
Yosemite NP	California	1169 sq. miles	2012	Jan	120496
Yosemite NP	California	1169 sq. miles	2012	Feb	113341
Yosemite NP	California	1169 sq. miles	2012	Mar	136687
Yosemite NP	California	1169 sq. miles	2012	Apr	243102
Yosemite NP	California	1169 sq. miles	2012	May	356500
Yosemite NP	California	1169 sq. miles	2012	Jun	528186
Yosemite NP	California	1169 sq. miles	2012	Jul	623101
Yosemite NP	California	1169 sq. miles	2012	Aug	660118
Yosemite NP	California	1169 sq. miles	2012	Sep	482004
Yosemite NP	California	1169 sq. miles	2012	Oct	322687
Yosemite NP	California	1169 sq. miles	2012	Nov	141868
Yosemite NP	California	1169 sq. miles	2012	Dec	125314
Yosemite NP	California	1169 sq. miles	2013	Jan	103910
Yosemite NP	California	1169 sq. miles	2013	Feb	114440
Yosemite NP	California	1169 sq. miles	2013	Mar	165409
Yosemite NP	California	1169 sq. miles	2013	Apr	231178
Yosemite NP	California	1169 sq. miles	2013	May	370422
Yosemite NP	California	1169 sq. miles	2013	Jun	508941
Yosemite NP	California	1169 sq. miles	2013	Jul	611538
Yosemite NP	California	1169 sq. miles	2013	Aug	552137
Yosemite NP	California	1169 sq. miles	2013	Sep	460855
Yosemite NP	California	1169 sq. miles	2013	Oct	279526
Yosemite NP	California	1169 sq. miles	2013	Nov	161356
Yosemite NP	California	1169 sq. miles	2013	Dec	131479
Yosemite NP	California	1169 sq. miles	2014	Jan	112133
Yosemite NP	California	1169 sq. miles	2014	Feb	113403
Yosemite NP	California	1169 sq. miles	2014	Mar	146750
Yosemite NP	California	1169 sq. miles	2014	Apr	242722
Yosemite NP	California	1169 sq. miles	2014	May	333308
Yosemite NP	California	1169 sq. miles	2014	Jun	496363
Yosemite NP	California	1169 sq. miles	2014	Jul	623663
Yosemite NP	California	1169 sq. miles	2014	Aug	654157
Yosemite NP	California	1169 sq. miles	2014	Sep	467205
Yosemite NP	California	1169 sq. miles	2014	Oct	354769
Yosemite NP	California	1169 sq. miles	2014	Nov	203678
Yosemite NP	California	1169 sq. miles	2014	Dec	134491
